candidate_id,recipe_id,operating_family_id,spatial_family_id,initial_pf_status,initial_voltage_condition,severity,classification_status,structure_class,uniform_evaluated,uniform_feasible_count,single_evaluated,single_feasible_count,coarse_evaluated,coarse_feasible_count,template_nonconverged_count,witness_found,independent_replay_success,search_method,search_pf_calls,actual_total_pf_calls,rejection_or_unresolved_reason
N00000,A,abb26e1f8535914a,44b72a524933ad2b,ok,UNDERVOLTAGE,2.5206757090227407,structure_unresolved,,13,0,49,0,81,0,12,False,False,templates,0,132,structure_unresolved
N00001,B,f3bc3eb2a7b56e24,a7d836d3d2bac044,ok,UNDERVOLTAGE,0.29316652571003954,S1,S1,13,4,49,4,81,15,0,True,True,templates,0,133,
N00002,C,fda0e192e9bd0a52,74193f94cc34818d,ok,UNDERVOLTAGE,0.4231439250897462,S1,S1,13,4,49,3,81,14,0,True,True,templates,0,133,
N00003,D,bb1506df42881610,9bcc86a888b5a3ef,ok,UNDERVOLTAGE,0.031574853578711926,S2,S2,13,0,49,5,81,8,0,True,True,templates,0,133,
N00004,A,a935a3c33b892bd3,da262b96b49629f0,ok,,0.0,initial_rejected,,0,0,0,0,0,0,0,False,False,not_started,0,1,initial_mixed_or_already_compliant
N00005,B,7f1607d84ee1790d,8fa9989f8ed7ceb6,ok,,0.0,initial_rejected,,0,0,0,0,0,0,0,False,False,not_started,0,1,initial_mixed_or_already_compliant
N00006,C,8826918d372d6cd9,244ade718736789f,ok,UNDERVOLTAGE,2.2064470990283236,structure_unresolved,,13,0,49,0,81,0,9,False,False,templates,0,132,structure_unresolved
N00007,D,37529812d5be08c9,aea7eb0f24dd18ec,ok,UNDERVOLTAGE,0.343347766069665,S1,S1,13,3,49,0,81,10,0,True,True,templates,0,133,
N00008,A,21d65cbf8c654db2,e3e46b7a369eddb4,ok,UNDERVOLTAGE,1.7036466519063271,structure_unresolved,,13,1,49,0,81,2,2,True,True,templates,0,133,structure_unresolved
N00009,B,17993b44a9f7e88b,c71d23d48c0237a3,ok,OVERVOLTAGE,0.552981645338052,S4,S4,13,0,49,0,81,0,0,True,True,multistart_coordinate_pair_random,10,143,
N00010,C,f633aaf846d8ac00,d640d6d2de595640,ok,UNDERVOLTAGE,0.2873507879088314,S3,S3,13,0,49,0,81,7,0,True,True,templates,0,133,
N00011,D,14af1291ace266fa,aea7eb0f24dd18ec,ok,UNDERVOLTAGE,2.520167555085848,structure_unresolved,,13,0,49,0,81,0,13,False,False,templates,0,132,structure_unresolved
N00012,A,1070deaa8a8c263b,2182a595b99b3e7f,ok,OVERVOLTAGE,0.1829259845434117,S1,S1,13,4,49,4,81,17,0,True,True,templates,0,133,
N00013,B,e84bd55168cbfd47,f1081c4fa8b685ad,ok,UNDERVOLTAGE,1.8643198197037854,structure_unresolved,,13,1,49,0,81,1,4,True,True,templates,0,133,structure_unresolved
N00014,C,6da0ce6597e9f309,28e2bbd570f90747,ok,UNDERVOLTAGE,2.029646698153541,structure_unresolved,,13,0,49,0,81,0,5,False,False,templates,0,132,structure_unresolved
N00015,D,874df6c689cea019,aea7eb0f24dd18ec,ok,UNDERVOLTAGE,0.6828562037805662,S3,S3,13,0,49,0,81,5,0,True,True,templates,0,133,
N00016,A,ad4003aae374fa58,e3a9db7118978209,ok,UNDERVOLTAGE,0.46769080375648164,S1,S1,13,3,49,0,81,9,0,True,True,templates,0,133,
N00017,B,8f169681c0a10161,b93a8dc02cb54134,ok,UNDERVOLTAGE,0.1188233409719942,S1,S1,13,1,49,4,81,6,0,True,True,templates,0,133,
N00018,C,5721a1fa746695c4,68b0680f5991f0a3,ok,,0.0,initial_rejected,,0,0,0,0,0,0,0,False,False,not_started,0,1,initial_mixed_or_already_compliant
N00019,D,874df6c689cea019,aea7eb0f24dd18ec,ok,UNDERVOLTAGE,1.1710891003544797,structure_unresolved,,13,0,49,0,81,3,1,True,True,templates,0,133,structure_unresolved
N00020,A,68cbc3562080a012,2182a595b99b3e7f,ok,OVERVOLTAGE,0.5985056233655139,S1,S1,13,2,49,0,81,8,0,True,True,templates,0,133,
N00021,B,f61f560a40a7d7ab,bac140d19207997b,ok,UNDERVOLTAGE,0.1667795688619258,S1,S1,13,4,49,6,81,14,0,True,True,templates,0,133,
N00022,C,42214dbabe46929c,eff2169422482ce6,ok,OVERVOLTAGE,0.006084746287343901,S1,S1,13,1,49,14,81,13,0,True,True,templates,0,133,
N00023,D,ef6f4871e103f806,b46a3992e1cd46dd,ok,,4.697420618342573,initial_rejected,,0,0,0,0,0,0,0,False,False,not_started,0,1,initial_mixed_or_already_compliant
N00024,A,0534e93eed76ca3c,76292abf5a74bbf9,ok,UNDERVOLTAGE,0.46454111566316336,S3,S3,13,0,49,0,81,3,0,True,True,templates,0,133,
N00025,B,85948aa7fc6463e2,a7d836d3d2bac044,ok,UNDERVOLTAGE,0.41558059031113603,S1,S1,13,2,49,0,81,9,0,True,True,templates,0,133,
N00026,C,730d65f6ea633479,3c0d145e44c2ec83,ok,OVERVOLTAGE,0.05383821943051181,S2,S2,13,0,49,3,81,6,0,True,True,templates,0,133,
N00027,D,fffcda18f8694ed7,cb6e693edb5770e8,ok,,0.703337561950745,initial_rejected,,0,0,0,0,0,0,0,False,False,not_started,0,1,initial_mixed_or_already_compliant
N00028,A,c5aaa53e23ba7590,f0de6d7df0a2ae6f,ok,OVERVOLTAGE,1.1346078407338394,S1,S1,13,1,49,0,81,2,0,True,True,templates,0,133,
N00029,B,4f7635d19ad2fc8c,d79f78358f07b055,ok,UNDERVOLTAGE,2.11517192220529,structure_unresolved,,13,0,49,0,81,0,9,False,False,templates,0,132,structure_unresolved
N00030,C,d06453283debf03d,3ebc5f87d1d72493,ok,UNDERVOLTAGE,1.224763953976205,structure_unresolved,,13,0,49,0,81,3,2,True,True,templates,0,133,structure_unresolved
N00031,D,00fb42be2a740765,9bcc86a888b5a3ef,ok,,0.05679870495739725,initial_rejected,,0,0,0,0,0,0,0,False,False,not_started,0,1,initial_mixed_or_already_compliant
N00032,A,a245f02a1fd4257c,a91c5e03c1eb7214,ok,UNDERVOLTAGE,0.3600206926153793,S1,S1,13,3,49,0,81,6,0,True,True,templates,0,133,
N00033,B,9f090fdbf0cfb1a0,dcf31b4c9d3ed312,ok,UNDERVOLTAGE,0.4881642217222164,S1,S1,13,2,49,0,81,3,0,True,True,templates,0,133,
N00034,C,3768f7bc417c7c64,9d6ba656ca58ffaa,ok,UNDERVOLTAGE,0.49455331808202696,S1,S1,13,1,49,0,81,6,0,True,True,templates,0,133,
N00035,D,41821415da936070,b46a3992e1cd46dd,ok,UNDERVOLTAGE,2.6089564989573892,structure_unresolved,,13,0,49,0,81,0,18,False,False,templates,0,132,structure_unresolved
N00036,A,8b463185e2a07bdf,e4721bd627d63009,ok,,0.0,initial_rejected,,0,0,0,0,0,0,0,False,False,not_started,0,1,initial_mixed_or_already_compliant
N00037,B,c9ee17a128ac1006,8cf85f664886cfdf,ok,UNDERVOLTAGE,0.08753422335996386,S1,S1,13,4,49,12,81,13,0,True,True,templates,0,133,
N00038,C,c6d931f2cd492288,95811bbc1b2d6c7f,ok,,0.0,initial_rejected,,0,0,0,0,0,0,0,False,False,not_started,0,1,initial_mixed_or_already_compliant
N00039,D,c047b092dbdc4fed,b46a3992e1cd46dd,ok,UNDERVOLTAGE,1.5727338087091054,structure_unresolved,,13,2,49,0,81,4,4,True,True,templates,0,133,structure_unresolved
N00040,A,e4580e12f9734903,dd4a964054002736,ok,UNDERVOLTAGE,1.5831409488998753,structure_unresolved,,13,1,49,0,81,2,3,True,True,templates,0,133,structure_unresolved
N00041,B,eabe3bfac6bfd25b,c82b0c68ae4348bb,ok,,0.0,initial_rejected,,0,0,0,0,0,0,0,False,False,not_started,0,1,initial_mixed_or_already_compliant
N00042,C,2eb4569901d6b15a,b512aaa040018750,ok,UNDERVOLTAGE,1.5246001550206039,structure_unresolved,,13,2,49,0,81,3,3,True,True,templates,0,133,structure_unresolved
N00043,D,c233946a77587b24,9bcc86a888b5a3ef,ok,OVERVOLTAGE,0.14971741252108894,S3,S3,13,0,49,0,81,2,0,True,True,templates,0,133,
N00044,A,80c515e5210873cc,2df2abdcc5329aeb,ok,OVERVOLTAGE,0.08541331352618542,S1,S1,13,1,49,3,81,9,0,True,True,templates,0,133,
N00045,B,95e28899bce25f87,929a89ed502cf36c,ok,UNDERVOLTAGE,0.14964326344245493,S1,S1,13,2,49,0,81,3,0,True,True,templates,0,133,
N00046,C,4c287b8a31efa0f0,fdb3b4b08e72bf18,ok,UNDERVOLTAGE,0.026953359186333903,S1,S1,13,3,49,14,81,10,0,True,True,templates,0,133,
N00047,D,c13049c7da74c0eb,e27f083966348102,ok,UNDERVOLTAGE,0.4153322312602913,S1,S1,13,4,49,0,81,12,0,True,True,templates,0,133,
N00048,A,b455eb28b60a288d,25d34a0abb52272d,ok,UNDERVOLTAGE,1.0973642659118386,structure_unresolved,,13,4,49,0,81,4,1,True,True,templates,0,133,structure_unresolved
N00049,B,14c48983c2e6bba5,fcd1765b45acfab3,ok,UNDERVOLTAGE,1.490752006890712,structure_unresolved,,13,2,49,0,81,2,3,True,True,templates,0,133,structure_unresolved
N00050,C,17082c1a71990ebd,aaf3ca14fcc49faa,ok,,0.0,initial_rejected,,0,0,0,0,0,0,0,False,False,not_started,0,1,initial_mixed_or_already_compliant
N00051,D,bd8a966de27eedb1,b46a3992e1cd46dd,ok,UNDERVOLTAGE,3.7053774873945566,structure_unresolved,,13,0,49,0,81,0,26,False,False,templates,0,132,structure_unresolved
N00052,A,ecae9ed9c5d21c74,26361fc9df94e6a2,ok,OVERVOLTAGE,0.08812192248352013,S1,S1,13,2,49,3,81,10,0,True,True,templates,0,133,
N00053,B,d16cf62a3ad10461,127e6d1c500f1219,ok,OVERVOLTAGE,0.08569282412502899,S1,S1,13,2,49,7,81,5,0,True,True,templates,0,133,
N00054,C,5714d262405a2d1b,fdb3b4b08e72bf18,ok,UNDERVOLTAGE,0.5436308874972514,S1,S1,13,3,49,0,81,3,0,True,True,templates,0,133,
N00055,D,37529812d5be08c9,aea7eb0f24dd18ec,ok,UNDERVOLTAGE,2.291345947031399,structure_unresolved,,13,0,49,0,81,0,11,False,False,templates,0,132,structure_unresolved
N00056,A,a52c1b8d7f931731,74c2e3acacf8aea7,ok,UNDERVOLTAGE,0.9505100637610462,S1,S1,13,4,49,0,81,5,0,True,True,templates,0,133,
N00057,B,3c70d3a5f4b35bf3,204c5b2a102a00c0,ok,,0.3305886787558908,initial_rejected,,0,0,0,0,0,0,0,False,False,not_started,0,1,initial_mixed_or_already_compliant
N00058,C,603e1faef88ab5aa,0243686e382b20e4,ok,UNDERVOLTAGE,1.1434443643557564,structure_unresolved,,13,3,49,0,81,6,3,True,True,templates,0,133,structure_unresolved
N00059,D,8673e1b71a1cc520,cb6e693edb5770e8,ok,,0.8301145409259323,initial_rejected,,0,0,0,0,0,0,0,False,False,not_started,0,1,initial_mixed_or_already_compliant
N00060,A,989c5fed69eb3c88,ee178edbac927e52,ok,OVERVOLTAGE,0.7195831507599704,S3,S3,13,0,49,0,81,1,0,True,True,templates,0,133,
N00061,B,cd5b0169f70d3e90,6bef8bb9a92a84c5,ok,UNDERVOLTAGE,2.05595582573469,structure_unresolved,,13,0,49,0,81,0,3,False,False,templates,0,132,structure_unresolved
N00062,C,c8bbe73cf42cd350,de793b46d18717a9,ok,UNDERVOLTAGE,0.4227874480462347,S1,S1,13,4,49,0,81,11,0,True,True,templates,0,133,
N00063,D,c13049c7da74c0eb,e27f083966348102,ok,,0.0,initial_rejected,,0,0,0,0,0,0,0,False,False,not_started,0,1,initial_mixed_or_already_compliant
N00064,A,2ca79b52e2eb012f,80ec103de268efb2,ok,UNDERVOLTAGE,0.8369255881203196,S1,S1,13,3,49,0,81,4,0,True,True,templates,0,133,
N00065,B,f8a29132bf1fde06,2f27a98db6c5ed87,ok,UNDERVOLTAGE,1.1424708646679598,S1,S1,13,3,49,0,81,6,0,True,True,templates,0,133,
N00066,C,52f462ad8a79a726,fbba22da3fdc3b53,ok,UNDERVOLTAGE,0.5646591458621242,structure_unresolved,,13,0,49,1,81,4,2,True,True,templates,0,133,structure_unresolved
N00067,D,c13049c7da74c0eb,e27f083966348102,ok,UNDERVOLTAGE,2.123474616054547,structure_unresolved,,13,1,49,0,81,1,14,True,True,templates,0,133,structure_unresolved
N00068,A,dae6fe14dee4c21b,005a0045ba85c462,ok,OVERVOLTAGE,0.05866589556082791,search_unresolved,,13,0,49,0,81,0,0,False,False,multistart_coordinate_pair_random,384,516,search_unresolved
N00069,B,2fe9d74d03444a71,d431894d0cecbd07,ok,UNDERVOLTAGE,3.1553771006298637,structure_unresolved,,13,0,49,0,81,0,15,False,False,templates,0,132,structure_unresolved
N00070,C,9f281d8df6aa0102,c00be97b192ce34f,ok,UNDERVOLTAGE,0.2724327307282074,S1,S1,13,3,49,1,81,13,0,True,True,templates,0,133,
N00071,D,cc05625520755cae,cb6e693edb5770e8,ok,OVERVOLTAGE,0.9423298436602572,search_unresolved,,13,0,49,0,81,0,0,False,False,multistart_coordinate_pair_random,384,516,search_unresolved
N00072,A,a786ce557ddd5ea8,aedb7161d1f71ac0,ok,UNDERVOLTAGE,1.9529085295922668,structure_unresolved,,13,0,49,0,81,0,3,False,False,templates,0,132,structure_unresolved
N00073,B,b035b2f6a4b49363,d57a94bfe10fd9df,ok,UNDERVOLTAGE,0.6452934329160276,S1,S1,13,2,49,0,81,5,0,True,True,templates,0,133,
N00074,C,b33c816e502abc7e,7882a349e5663f89,ok,,0.0,initial_rejected,,0,0,0,0,0,0,0,False,False,not_started,0,1,initial_mixed_or_already_compliant
N00075,D,5fcd87bc504ea8df,cb6e693edb5770e8,ok,UNDERVOLTAGE,0.6158616609718659,S1,S1,13,1,49,0,81,2,0,True,True,templates,0,133,
N00076,A,4e46db1479cf53c5,933adb4bd33cff44,ok,OVERVOLTAGE,0.26065543313558504,S1,S1,13,2,49,4,81,9,0,True,True,templates,0,133,
N00077,B,e84bd55168cbfd47,f1081c4fa8b685ad,ok,UNDERVOLTAGE,1.7598243127362219,structure_unresolved,,13,1,49,0,81,2,5,True,True,templates,0,133,structure_unresolved
N00078,C,5b0f26e39503c6f6,6453d59e6e104a8a,ok,OVERVOLTAGE,0.3358057236161247,S2,S2,13,0,49,1,81,8,0,True,True,templates,0,133,
N00079,D,c13049c7da74c0eb,e27f083966348102,ok,UNDERVOLTAGE,0.038677796779572615,S1,S1,13,3,49,15,81,17,0,True,True,templates,0,133,
N00080,A,635ae67f9840841a,b73a1a3b7406a442,ok,UNDERVOLTAGE,1.2882802086218774,S1,S1,13,2,49,0,81,3,0,True,True,templates,0,133,
N00081,B,a8c78d44a8d61f3e,15fe9da7c4ddc5ca,ok,,0.0,initial_rejected,,0,0,0,0,0,0,0,False,False,not_started,0,1,initial_mixed_or_already_compliant
N00082,C,8b3bee1864c0a8cb,de793b46d18717a9,ok,UNDERVOLTAGE,0.3653837786495687,S1,S1,13,3,49,0,81,8,0,True,True,templates,0,133,
N00083,D,14af1291ace266fa,aea7eb0f24dd18ec,ok,UNDERVOLTAGE,1.2036715154919282,structure_unresolved,,13,3,49,0,81,6,1,True,True,templates,0,133,structure_unresolved
N00084,A,c9b1e5624f9e5642,3a8b4fc73190d617,ok,OVERVOLTAGE,0.09807950123443221,S1,S1,13,1,49,3,81,8,0,True,True,templates,0,133,
N00085,B,8dcf154384ff31e6,52d2d3833aa77816,ok,UNDERVOLTAGE,1.789660671486141,structure_unresolved,,13,1,49,0,81,2,6,True,True,templates,0,133,structure_unresolved
N00086,C,2fdebbe719493b71,c6c0011a90cacd8a,ok,,0.0,initial_rejected,,0,0,0,0,0,0,0,False,False,not_started,0,1,initial_mixed_or_already_compliant
N00087,D,a9a9ec9fab1548ff,9bcc86a888b5a3ef,ok,,0.3156176584734507,initial_rejected,,0,0,0,0,0,0,0,False,False,not_started,0,1,initial_mixed_or_already_compliant
N00088,A,da9c0c8aebaba80e,6241f3790b462062,ok,UNDERVOLTAGE,2.8631643424412925,structure_unresolved,,13,0,49,0,81,0,15,False,False,templates,0,132,structure_unresolved
N00089,B,3de803e1a9e8ade3,a47642bd7906e611,ok,OVERVOLTAGE,0.1402068401131511,S1,S1,13,4,49,4,81,16,0,True,True,templates,0,133,
N00090,C,cf0f6955ac941700,404f5202a62595bd,ok,UNDERVOLTAGE,0.3043095591586643,S1,S1,13,4,49,4,81,13,0,True,True,templates,0,133,
N00091,D,874df6c689cea019,aea7eb0f24dd18ec,ok,UNDERVOLTAGE,3.4445005856566207,structure_unresolved,,13,0,49,0,81,0,27,False,False,templates,0,132,structure_unresolved
N00092,A,8ff00c426c290fac,22edec88f266fbd4,ok,OVERVOLTAGE,1.399807425531062,search_unresolved,,13,0,49,0,81,0,0,False,False,multistart_coordinate_pair_random,384,516,search_unresolved
N00093,B,e7207d1c0b7d3b57,7fdd9aec85282e6a,ok,OVERVOLTAGE,0.001434802999654261,S2,S2,13,0,49,12,81,5,0,True,True,templates,0,133,
N00094,C,8ae595f899fa961a,3d2d0a70a8e76afe,ok,UNDERVOLTAGE,1.187507987546195,structure_unresolved,,13,3,49,0,81,4,1,True,True,templates,0,133,structure_unresolved
N00095,D,37529812d5be08c9,aea7eb0f24dd18ec,ok,UNDERVOLTAGE,1.6944145868343043,structure_unresolved,,13,1,49,0,81,3,4,True,True,templates,0,133,structure_unresolved
N00096,A,f942b2d0823b0d7b,3a03670d77a8a0f9,ok,UNDERVOLTAGE,1.2069067209122912,structure_unresolved,,13,3,49,0,81,5,3,True,True,templates,0,133,structure_unresolved
N00097,B,acc13fe4fee4e729,02031ef30b35997d,ok,,0.0,initial_rejected,,0,0,0,0,0,0,0,False,False,not_started,0,1,initial_mixed_or_already_compliant
N00098,C,600b28ce4cc36784,551ad5a5d71099c4,ok,OVERVOLTAGE,0.07511811875807739,S2,S2,13,0,49,5,81,9,0,True,True,templates,0,133,
N00099,D,b35e31baf8eb03fe,aea7eb0f24dd18ec,ok,UNDERVOLTAGE,0.9414082075304153,S3,S3,13,0,49,0,81,4,0,True,True,templates,0,133,
N00100,A,a272f5256edfee3f,2182a595b99b3e7f,ok,OVERVOLTAGE,0.811878393983928,S1,S1,13,3,49,0,81,6,0,True,True,templates,0,133,
N00101,B,f98d555b7368b245,5a79177e7cae27f4,ok,UNDERVOLTAGE,0.10859520218604224,S1,S1,13,2,49,4,81,6,0,True,True,templates,0,133,
N00102,C,8ae595f899fa961a,3d2d0a70a8e76afe,ok,UNDERVOLTAGE,3.6348594392087517,structure_unresolved,,13,0,49,0,81,0,32,False,False,templates,0,132,structure_unresolved
N00103,D,140977e255e01e6c,9bcc86a888b5a3ef,ok,UNDERVOLTAGE,2.535416961559692,structure_unresolved,,13,0,49,0,81,0,25,False,False,templates,0,132,structure_unresolved
N00104,A,83a0e3b6778f1d39,777cedddc790c162,ok,UNDERVOLTAGE,0.5658413068770526,S1,S1,13,2,49,0,81,7,0,True,True,templates,0,133,
N00105,B,05a03695f5fc37c6,709bb6d9e9958242,ok,,0.0,initial_rejected,,0,0,0,0,0,0,0,False,False,not_started,0,1,initial_mixed_or_already_compliant
N00106,C,407c257c68a61a83,d88571476419193d,ok,UNDERVOLTAGE,0.15730785718279305,S2,S2,13,0,49,3,81,8,0,True,True,templates,0,133,
N00107,D,ed84e7dfdc02a468,9bcc86a888b5a3ef,ok,UNDERVOLTAGE,0.4723809671376209,S3,S3,13,0,49,0,81,3,0,True,True,templates,0,133,
N00108,A,785a008fff9a028d,fab2455bfd0e737e,ok,OVERVOLTAGE,1.2139647444440518,search_unresolved,,13,0,49,0,81,0,0,False,False,multistart_coordinate_pair_random,384,516,search_unresolved
N00109,B,d238248cdebe9cb6,50fc0b5afc88d3db,ok,OVERVOLTAGE,0.23814364451043812,S1,S1,13,1,49,3,81,7,0,True,True,templates,0,133,
N00110,C,6c534c0bc28a2bbf,238d21bcdf74783e,ok,OVERVOLTAGE,1.2074345228581678,search_unresolved,,13,0,49,0,81,0,0,False,False,multistart_coordinate_pair_random+full_grid_scan,384,28562,search_unresolved
N00111,D,fd68f4dbd3062e78,9bcc86a888b5a3ef,ok,OVERVOLTAGE,0.11350488426067917,S3,S3,13,0,49,0,81,2,0,True,True,templates,0,133,
N00112,A,484919e54e92a178,34a9fd6352c17e3c,ok,UNDERVOLTAGE,2.2404428952081386,structure_unresolved,,13,0,49,0,81,0,3,False,False,templates,0,132,structure_unresolved
N00113,B,9d91106e5c1152f0,4244d6f6afdc2263,ok,,0.0,initial_rejected,,0,0,0,0,0,0,0,False,False,not_started,0,1,initial_mixed_or_already_compliant
N00114,C,e58292bed8e989b8,b56ec9db9a38daab,ok,,0.0,initial_rejected,,0,0,0,0,0,0,0,False,False,not_started,0,1,initial_mixed_or_already_compliant
N00115,D,f5cf31df9c7f6fcb,9bcc86a888b5a3ef,ok,OVERVOLTAGE,0.07308196980889625,S2,S2,13,0,49,3,81,6,0,True,True,templates,0,133,
N00116,A,ff2f8f830e5d1ccf,13d10347a5c2761f,ok,OVERVOLTAGE,2.084392397008873,search_unresolved,,13,0,49,0,81,0,0,False,False,multistart_coordinate_pair_random,384,516,search_unresolved
N00117,B,5bc0f82b6638dac7,33ca3381a53d690f,ok,UNDERVOLTAGE,0.09845612490068345,S1,S1,13,4,49,10,81,17,0,True,True,templates,0,133,
N00118,C,b9151db5dd81d26b,551ad5a5d71099c4,ok,UNDERVOLTAGE,0.015791415910162088,S1,S1,13,1,49,4,81,7,0,True,True,templates,0,133,
N00119,D,65b82ccd114db382,b46a3992e1cd46dd,ok,UNDERVOLTAGE,1.4903034456816968,structure_unresolved,,13,1,49,0,81,2,2,True,True,templates,0,133,structure_unresolved
N00120,A,3e20cbf1e2bc1a54,4e6897ed4b34b2ba,ok,UNDERVOLTAGE,2.2191774455988704,structure_unresolved,,13,0,49,0,81,0,12,False,False,templates,0,132,structure_unresolved
N00121,B,731ffd5d0c876aac,1cae38833c851a71,ok,OVERVOLTAGE,0.03610178719110757,S2,S2,13,0,49,4,81,10,0,True,True,templates,0,133,
N00122,C,9a234c7da3be546c,1c9694ea5bf7599a,ok,UNDERVOLTAGE,1.0860157513999438,structure_unresolved,,13,3,49,0,81,6,13,True,True,templates,0,133,structure_unresolved
N00123,D,03d4414b650e7fd1,cb6e693edb5770e8,ok,UNDERVOLTAGE,0.055284316805672806,S1,S1,13,2,49,7,81,8,0,True,True,templates,0,133,
N00124,A,52fd96d65c4e4352,3a8b4fc73190d617,ok,OVERVOLTAGE,1.2233274318421092,search_unresolved,,13,0,49,0,81,0,0,False,False,multistart_coordinate_pair_random,384,516,search_unresolved
N00125,B,3ed8a0e54fbb32be,4892e6e3461c13ab,ok,UNDERVOLTAGE,0.15877456664879785,S1,S1,13,2,49,4,81,9,0,True,True,templates,0,133,
N00126,C,b3546a479e1859f4,3404f2200375bcfb,ok,UNDERVOLTAGE,0.4948879978231002,S1,S1,13,4,49,0,81,7,0,True,True,templates,0,133,
N00127,D,874df6c689cea019,aea7eb0f24dd18ec,ok,OVERVOLTAGE,0.00441337410885323,S2,S2,13,0,49,5,81,6,0,True,True,templates,0,133,
N00128,A,9afc8d6c92ef9d4c,337c5181a7d4966e,ok,UNDERVOLTAGE,1.1750645649741525,S1,S1,13,2,49,0,81,4,0,True,True,templates,0,133,
N00129,B,587bf8cb3978fdac,638ee6fdd9f82f3c,ok,,0.0,initial_rejected,,0,0,0,0,0,0,0,False,False,not_started,0,1,initial_mixed_or_already_compliant
N00130,C,85bd56b994f016a1,18275bfa61b36a8a,ok,,0.17821447591937545,initial_rejected,,0,0,0,0,0,0,0,False,False,not_started,0,1,initial_mixed_or_already_compliant
N00131,D,c13049c7da74c0eb,e27f083966348102,ok,UNDERVOLTAGE,0.8387957936589876,structure_unresolved,,13,3,49,0,81,5,1,True,True,templates,0,133,structure_unresolved
N00132,A,1a04d2a62cbd2c25,29f79c4bd2f29966,ok,OVERVOLTAGE,0.037038952740382936,S1,S1,13,3,49,13,81,9,0,True,True,templates,0,133,
N00133,B,7038fff43b40d351,8ac981c179df69c5,ok,OVERVOLTAGE,1.2367464157628774,search_unresolved,,13,0,49,0,81,0,0,False,False,multistart_coordinate_pair_random,384,516,search_unresolved
N00134,C,aaf2f47f7cac60a7,22a424593e29475f,ok,UNDERVOLTAGE,2.534818200146256,structure_unresolved,,13,0,49,0,81,0,14,False,False,templates,0,132,structure_unresolved
N00135,D,c13049c7da74c0eb,e27f083966348102,ok,UNDERVOLTAGE,0.7654033068712436,S1,S1,13,3,49,0,81,6,0,True,True,templates,0,133,
N00136,A,25f571cfe9c5bae8,337c5181a7d4966e,ok,UNDERVOLTAGE,2.114172885456421,structure_unresolved,,13,0,49,0,81,0,8,False,False,templates,0,132,structure_unresolved
N00137,B,0ab012bdd52028b5,9ef11c2e234766db,ok,UNDERVOLTAGE,0.13627940923192172,S1,S1,13,4,49,12,81,16,0,True,True,templates,0,133,
N00138,C,afda78361cced9d5,b2da1ec9aa59464b,ok,,0.0,initial_rejected,,0,0,0,0,0,0,0,False,False,not_started,0,1,initial_mixed_or_already_compliant
N00139,D,e0a9245c1b44864d,aea7eb0f24dd18ec,ok,UNDERVOLTAGE,3.1618873269558407,structure_unresolved,,13,0,49,0,81,0,21,False,False,templates,0,132,structure_unresolved
N00140,A,eab52343c0ed1e90,e079c51e204d304b,ok,OVERVOLTAGE,0.8901410032985675,S1,S1,13,2,49,0,81,6,0,True,True,templates,0,133,
N00141,B,ea5fe604b7e72134,f75fc77d683e0193,ok,OVERVOLTAGE,0.07119661350549844,S1,S1,13,1,49,6,81,14,0,True,True,templates,0,133,
N00142,C,afe8ed7099be41c9,8e0b1f00e3fbf6fb,ok,UNDERVOLTAGE,0.8938568389678128,S3,S3,13,0,49,0,81,3,0,True,True,templates,0,133,
N00143,D,ef6f4871e103f806,b46a3992e1cd46dd,ok,,4.330716322922337,initial_rejected,,0,0,0,0,0,0,0,False,False,not_started,0,1,initial_mixed_or_already_compliant
N00144,A,8b55e5ad7718a0c9,9b8ca64aaad4fe29,ok,UNDERVOLTAGE,0.40026725814698827,S1,S1,13,2,49,0,81,6,0,True,True,templates,0,133,
N00145,B,99536907a251bdda,7af0f6f3ae2d208d,ok,,0.2811137266823115,initial_rejected,,0,0,0,0,0,0,0,False,False,not_started,0,1,initial_mixed_or_already_compliant
N00146,C,afb5d133cc14b703,86f72cc88f6251a3,ok,,0.25867002848322607,initial_rejected,,0,0,0,0,0,0,0,False,False,not_started,0,1,initial_mixed_or_already_compliant
N00147,D,6ab70af4dab7f5e5,cb6e693edb5770e8,ok,,0.24385197241763157,initial_rejected,,0,0,0,0,0,0,0,False,False,not_started,0,1,initial_mixed_or_already_compliant
N00148,A,b4fdee2356f3242b,e079c51e204d304b,ok,OVERVOLTAGE,0.5557429843868777,S1,S1,13,1,49,0,81,4,0,True,True,templates,0,133,
N00149,B,770d302256e68d79,762e5eba3e7469c6,ok,UNDERVOLTAGE,0.4496383003706045,S1,S1,13,4,49,2,81,13,0,True,True,templates,0,133,
N00150,C,3830bdb69989cb5f,832a92f954fbcd2f,ok,UNDERVOLTAGE,1.5971205687643928,structure_unresolved,,13,2,49,0,81,4,5,True,True,templates,0,133,structure_unresolved
N00151,D,b35e31baf8eb03fe,aea7eb0f24dd18ec,ok,UNDERVOLTAGE,3.581642438460052,structure_unresolved,,13,0,49,0,81,0,27,False,False,templates,0,132,structure_unresolved
N00152,A,5acab3ab028aecd3,975c17fcf0ea3f1c,ok,UNDERVOLTAGE,1.3664818741224207,structure_unresolved,,13,2,49,0,81,4,3,True,True,templates,0,133,structure_unresolved
N00153,B,f9f550a288d1ded9,a6b0a7192d55c171,ok,UNDERVOLTAGE,0.08206879015404434,S1,S1,13,2,49,6,81,9,0,True,True,templates,0,133,
N00154,C,1d39b0ad1fb61bc6,b43e1866298deae0,ok,,1.0928747759241508,initial_rejected,,0,0,0,0,0,0,0,False,False,not_started,0,1,initial_mixed_or_already_compliant
N00155,D,7cbada3e2c9a6bd0,9bcc86a888b5a3ef,ok,,0.6224396512893159,initial_rejected,,0,0,0,0,0,0,0,False,False,not_started,0,1,initial_mixed_or_already_compliant
N00156,A,b0d2f4560d02b809,e079c51e204d304b,ok,OVERVOLTAGE,1.1093260122891473,S1,S1,13,1,49,0,81,2,0,True,True,templates,0,133,
N00157,B,61d9d315ac626e6f,5bb59f1c97ddebc8,ok,,0.0,initial_rejected,,0,0,0,0,0,0,0,False,False,not_started,0,1,initial_mixed_or_already_compliant
N00158,C,c22a0399016a9b93,a2a47ff0dcf51329,ok,UNDERVOLTAGE,1.9945538819025725,structure_unresolved,,13,1,49,0,81,2,22,True,True,templates,0,133,structure_unresolved
N00159,D,67ec3c7761410bd0,9bcc86a888b5a3ef,ok,OVERVOLTAGE,0.20836673099615832,S2,S2,13,0,49,1,81,3,0,True,True,templates,0,133,
N00160,A,5b265f0f8e7c56b9,cad0aba1f3f1fa62,ok,UNDERVOLTAGE,2.657431562685861,structure_unresolved,,13,0,49,0,81,0,22,False,False,templates,0,132,structure_unresolved
N00161,B,b5c595af22d14b48,dd5679e13f3d4d91,ok,OVERVOLTAGE,0.15677786897732715,S2,S2,13,0,49,2,81,6,0,True,True,templates,0,133,
N00162,C,9604cbd942e9d136,39237c6d282086c0,ok,UNDERVOLTAGE,1.6575006139476849,structure_unresolved,,13,0,49,0,81,0,3,False,False,templates,0,132,structure_unresolved
N00163,D,c13049c7da74c0eb,e27f083966348102,ok,UNDERVOLTAGE,1.1762432966525083,structure_unresolved,,13,3,49,0,81,4,1,True,True,templates,0,133,structure_unresolved
N00164,A,9f27f444b8f187b2,a45f499a0ff3c9a5,ok,,0.0,initial_rejected,,0,0,0,0,0,0,0,False,False,not_started,0,1,initial_mixed_or_already_compliant
N00165,B,ef5566f390173b79,be9c13201b2be4c6,ok,OVERVOLTAGE,0.15723113174830394,S1,S1,13,3,49,8,81,15,0,True,True,templates,0,133,
N00166,C,c7d25f1e638be6e9,e341266f7507038d,ok,,1.1079878008748059,initial_rejected,,0,0,0,0,0,0,0,False,False,not_started,0,1,initial_mixed_or_already_compliant
N00167,D,47722881de81b691,9bcc86a888b5a3ef,ok,UNDERVOLTAGE,0.44948470257398865,S3,S3,13,0,49,0,81,3,0,True,True,templates,0,133,
N00168,A,88944903e0f9918a,0a494f0e54dd8603,ok,UNDERVOLTAGE,1.9010409060754663,structure_unresolved,,13,1,49,0,81,1,4,True,True,templates,0,133,structure_unresolved
N00169,B,2f358b617080c498,80aa31d5da476f6e,ok,UNDERVOLTAGE,3.037932773649156,structure_unresolved,,13,0,49,0,81,0,20,False,False,templates,0,132,structure_unresolved
N00170,C,5f37e3ce162299ca,530ab888fd9e8601,ok,,0.0,initial_rejected,,0,0,0,0,0,0,0,False,False,not_started,0,1,initial_mixed_or_already_compliant
N00171,D,9ee5fb1ee7c6419c,cb6e693edb5770e8,ok,,0.0,initial_rejected,,0,0,0,0,0,0,0,False,False,not_started,0,1,initial_mixed_or_already_compliant
N00172,A,c5f40869ac2fef87,f0de6d7df0a2ae6f,ok,OVERVOLTAGE,0.7150564953282776,S1,S1,13,3,49,0,81,6,0,True,True,templates,0,133,
N00173,B,cb1a73b65f23830f,1c8cdba67acc6675,ok,UNDERVOLTAGE,1.671984035547065,structure_unresolved,,13,0,49,0,81,0,1,False,False,templates,0,132,structure_unresolved
N00174,C,5610346db75bb73c,0ca8e245cac2e3d6,ok,UNDERVOLTAGE,0.30945501308840373,S1,S1,13,3,49,1,81,10,0,True,True,templates,0,133,
N00175,D,9a1f0e3e58b0ccf4,b46a3992e1cd46dd,ok,UNDERVOLTAGE,0.031852077231032894,S1,S1,13,3,49,15,81,17,0,True,True,templates,0,133,
N00176,A,e3de5513ab552bdd,3b8e1282821e99ae,ok,UNDERVOLTAGE,0.7849434153698021,S3,S3,13,0,49,0,81,2,0,True,True,templates,0,133,
N00177,B,6d41e5a9112a7773,94a8bc780a90cc11,ok,,0.0,initial_rejected,,0,0,0,0,0,0,0,False,False,not_started,0,1,initial_mixed_or_already_compliant
N00178,C,7230102cb49a8262,444b4936b286c205,ok,,0.21319232790287412,initial_rejected,,0,0,0,0,0,0,0,False,False,not_started,0,1,initial_mixed_or_already_compliant
N00179,D,c13049c7da74c0eb,e27f083966348102,ok,UNDERVOLTAGE,2.4936981280125607,structure_unresolved,,13,0,49,0,81,0,15,False,False,templates,0,132,structure_unresolved
N00180,A,1244144f417ed7e4,79e8e26ba3a7254a,ok,OVERVOLTAGE,1.055609364208335,search_unresolved,,13,0,49,0,81,0,0,False,False,multistart_coordinate_pair_random,384,516,search_unresolved
N00181,B,4d4be8e197fdf1a6,0b1b29eaa732483c,ok,UNDERVOLTAGE,0.9356064597671065,S1,S1,13,4,49,0,81,7,0,True,True,templates,0,133,
N00182,C,603e1faef88ab5aa,0243686e382b20e4,ok,UNDERVOLTAGE,0.6920462831024853,S1,S1,13,3,49,0,81,7,0,True,True,templates,0,133,
N00183,D,c13049c7da74c0eb,e27f083966348102,ok,UNDERVOLTAGE,2.867643767480411,structure_unresolved,,13,0,49,0,81,0,15,False,False,templates,0,132,structure_unresolved
N00184,A,032a2051431c3b39,19827d1a2d09e730,ok,UNDERVOLTAGE,1.039512815677381,S1,S1,13,4,49,0,81,4,0,True,True,templates,0,133,
N00185,B,16aabd2fc66d3a95,4e6e8ff89d5c2c72,ok,UNDERVOLTAGE,0.3053977486577365,S1,S1,13,3,49,1,81,6,0,True,True,templates,0,133,
N00186,C,f18d3fc922a40778,bf5724cd89aea56e,ok,,0.0,initial_rejected,,0,0,0,0,0,0,0,False,False,not_started,0,1,initial_mixed_or_already_compliant
N00187,D,c63bfb66db5a68b5,b46a3992e1cd46dd,ok,UNDERVOLTAGE,1.8044864117854538,structure_unresolved,,13,1,49,0,81,1,3,True,True,templates,0,133,structure_unresolved
N00188,A,b792258998f80a9a,70033c83bc2d0152,ok,OVERVOLTAGE,0.26768426159753145,S4,S4,13,0,49,0,81,0,0,True,True,multistart_coordinate_pair_random,25,158,
N00189,B,3ad1237fc752dfe4,3c848e6fec584225,ok,UNDERVOLTAGE,0.0768626508738135,S1,S1,13,2,49,6,81,9,0,True,True,templates,0,133,
N00190,C,770d26ddb5409bbc,5a6af0f321b45681,ok,UNDERVOLTAGE,0.42718802342262785,S1,S1,13,3,49,0,81,9,0,True,True,templates,0,133,
N00191,D,b35e31baf8eb03fe,aea7eb0f24dd18ec,ok,UNDERVOLTAGE,2.267142417712282,structure_unresolved,,13,0,49,0,81,0,13,False,False,templates,0,132,structure_unresolved
N00192,A,35d922f79f5b6a43,dccf63b886421cb6,ok,UNDERVOLTAGE,1.0143273819943315,S1,S1,13,2,49,0,81,6,0,True,True,templates,0,133,
N00193,B,879891674625799f,73cb0dd5022df849,ok,OVERVOLTAGE,0.9003374161287401,S1,S1,13,2,49,0,81,5,0,True,True,templates,0,133,
N00194,C,a344449a99de74d0,84c0816eef9037c4,ok,UNDERVOLTAGE,1.8394247676380138,structure_unresolved,,13,0,49,0,81,0,3,False,False,templates,0,132,structure_unresolved
N00195,D,b11fbcba389328df,cb6e693edb5770e8,ok,OVERVOLTAGE,0.5754331674397355,S3,S3,13,0,49,0,81,2,0,True,True,templates,0,133,
N00196,A,12c7d7653b7e16eb,3588dc7c25b57422,ok,OVERVOLTAGE,0.114044642964936,S1,S1,13,1,49,7,81,15,0,True,True,templates,0,133,
N00197,B,24d8afc30da43874,9fb587509bda0fbe,ok,UNDERVOLTAGE,0.23138862749539002,S1,S1,13,3,49,6,81,10,0,True,True,templates,0,133,
N00198,C,31113e025cabe630,65d8b1f7e6e649e2,ok,UNDERVOLTAGE,0.4304432001678107,S1,S1,13,3,49,0,81,8,0,True,True,templates,0,133,
N00199,D,111e5da946c38cd0,cb6e693edb5770e8,ok,OVERVOLTAGE,0.8830176523138049,search_unresolved,,13,0,49,0,81,0,0,False,False,multistart_coordinate_pair_random,384,516,search_unresolved
N00200,A,68739cfbed263273,f49393c83574b06e,ok,UNDERVOLTAGE,1.9446639155544072,structure_unresolved,,13,0,49,0,81,0,3,False,False,templates,0,132,structure_unresolved
N00201,B,adac926393397960,d0f31df0e604b288,ok,UNDERVOLTAGE,1.0022291479739789,structure_unresolved,,13,4,49,0,81,6,1,True,True,templates,0,133,structure_unresolved
N00202,C,5f5d72154b32a088,07aac17f76e4ac41,ok,,0.0,initial_rejected,,0,0,0,0,0,0,0,False,False,not_started,0,1,initial_mixed_or_already_compliant
N00203,D,ef6f4871e103f806,b46a3992e1cd46dd,ok,,0.4732480964104734,initial_rejected,,0,0,0,0,0,0,0,False,False,not_started,0,1,initial_mixed_or_already_compliant
N00204,A,5ac53ac23097d89d,e079c51e204d304b,ok,OVERVOLTAGE,0.2172329552002621,S1,S1,13,3,49,3,81,14,0,True,True,templates,0,133,
N00205,B,016cd8fe57b151a1,cf1190655fc651ca,ok,UNDERVOLTAGE,0.8140578540174348,S3,S3,13,0,49,0,81,1,0,True,True,templates,0,133,
N00206,C,c8ccf7f70e2c0ea4,f3fa83518a35be5e,ok,UNDERVOLTAGE,0.010089975699806075,S1,S1,13,3,49,5,81,7,0,True,True,templates,0,133,
N00207,D,b35e31baf8eb03fe,aea7eb0f24dd18ec,ok,UNDERVOLTAGE,1.0482689635122662,structure_unresolved,,13,2,49,0,81,4,3,True,True,templates,0,133,structure_unresolved
N00208,A,6d5517121a187d88,0ee30a364c109dd3,ok,UNDERVOLTAGE,0.561738338338688,S1,S1,13,4,49,0,81,8,0,True,True,templates,0,133,
N00209,B,e80edd7c34ebfbab,c1264db216d58268,ok,OVERVOLTAGE,0.7283139248798818,search_unresolved,,13,0,49,0,81,0,0,False,False,multistart_coordinate_pair_random,384,516,search_unresolved
N00210,C,820e30e1bf5dec1b,ccb9074b36c8c99a,ok,,0.024541476679603935,initial_rejected,,0,0,0,0,0,0,0,False,False,not_started,0,1,initial_mixed_or_already_compliant
N00211,D,08567ff804e099b1,cb6e693edb5770e8,ok,,0.0,initial_rejected,,0,0,0,0,0,0,0,False,False,not_started,0,1,initial_mixed_or_already_compliant
N00212,A,e05e57ef32bcbf08,7c3d4eec2730937a,ok,OVERVOLTAGE,0.01612241243813939,S1,S1,13,1,49,10,81,12,0,True,True,templates,0,133,
N00213,B,68ae9bbc8a43cd19,b6c3412ca4d9381a,ok,,0.0,initial_rejected,,0,0,0,0,0,0,0,False,False,not_started,0,1,initial_mixed_or_already_compliant
N00214,C,749375e689acce94,5fc860ebfdbf5a8a,ok,UNDERVOLTAGE,0.5507797934346299,S2,S2,13,0,49,1,81,4,0,True,True,templates,0,133,
N00215,D,874df6c689cea019,aea7eb0f24dd18ec,ok,UNDERVOLTAGE,2.0989755064085722,structure_unresolved,,13,0,49,0,81,0,11,False,False,templates,0,132,structure_unresolved
N00216,A,221a5b5eaddd7e98,7f7d03088f0443f0,ok,UNDERVOLTAGE,2.030460366501249,structure_unresolved,,13,0,49,0,81,0,6,False,False,templates,0,132,structure_unresolved
N00217,B,8a809d5a73cb9221,fe26150c273be363,ok,,0.0,initial_rejected,,0,0,0,0,0,0,0,False,False,not_started,0,1,initial_mixed_or_already_compliant
N00218,C,b5bdd66875ba549d,ff4d8e0f5adaefae,ok,,0.0,initial_rejected,,0,0,0,0,0,0,0,False,False,not_started,0,1,initial_mixed_or_already_compliant
N00219,D,ef6f4871e103f806,b46a3992e1cd46dd,ok,UNDERVOLTAGE,5.709667526351269,structure_unresolved,,13,0,49,0,81,0,53,False,False,templates,0,132,structure_unresolved
N00220,A,a14d7840e361741e,a45f499a0ff3c9a5,ok,OVERVOLTAGE,0.40692924499824445,S2,S2,13,0,49,2,81,9,0,True,True,templates,0,133,
N00221,B,ca1ba4e3e8bdb09b,789047df493dd1a0,ok,UNDERVOLTAGE,3.101309635316301,structure_unresolved,,13,0,49,0,81,0,17,False,False,templates,0,132,structure_unresolved
N00222,C,7fbbedd77643629a,6e50df1e2228baf2,ok,OVERVOLTAGE,0.39240885929752634,search_unresolved,,13,0,49,0,81,0,0,False,False,multistart_coordinate_pair_random,384,516,search_unresolved
N00223,D,c13049c7da74c0eb,e27f083966348102,ok,UNDERVOLTAGE,2.385113523402221,structure_unresolved,,13,0,49,0,81,0,13,False,False,templates,0,132,structure_unresolved
N00224,A,d5823932843118f5,924c4bc5500fd87c,ok,UNDERVOLTAGE,0.8640814517176387,structure_unresolved,,13,4,49,0,81,6,1,True,True,templates,0,133,structure_unresolved
N00225,B,6d7a06fe6cdf0d31,b752d34475d2dcd8,ok,OVERVOLTAGE,0.2116183609804836,S1,S1,13,3,49,5,81,13,0,True,True,templates,0,133,
N00226,C,257933882163cf50,a7a23077094ede8d,ok,UNDERVOLTAGE,0.7948212253273532,S1,S1,13,2,49,0,81,4,0,True,True,templates,0,133,
N00227,D,ef6f4871e103f806,b46a3992e1cd46dd,ok,,0.6273931645006334,initial_rejected,,0,0,0,0,0,0,0,False,False,not_started,0,1,initial_mixed_or_already_compliant
N00228,A,6ec7561565b6262c,3a8b4fc73190d617,ok,OVERVOLTAGE,0.08838397649560337,S2,S2,13,0,49,3,81,9,0,True,True,templates,0,133,
N00229,B,6d88888a24422709,a0bce5cb594e8c8f,ok,OVERVOLTAGE,0.20632447191660863,S2,S2,13,0,49,3,81,7,0,True,True,templates,0,133,
N00230,C,5f06c2453911dd2d,e10bf8219395fd0a,ok,UNDERVOLTAGE,0.3550945424226617,S1,S1,13,3,49,2,81,10,0,True,True,templates,0,133,
N00231,D,c13049c7da74c0eb,e27f083966348102,ok,UNDERVOLTAGE,3.0228018108209724,structure_unresolved,,13,0,49,0,81,0,23,False,False,templates,0,132,structure_unresolved
N00232,A,1ca3ddee3c6e99da,971daaaad358cc93,ok,UNDERVOLTAGE,0.14524634287464888,S1,S1,13,4,49,10,81,16,0,True,True,templates,0,133,
N00233,B,e75e58ff0116301c,178453940573b36f,ok,UNDERVOLTAGE,0.9791912795606443,search_unresolved,,13,0,49,0,81,0,0,False,False,multistart_coordinate_pair_random,384,516,search_unresolved
N00234,C,dd48794b0fa75dd6,0df05c0672558c19,ok,OVERVOLTAGE,0.5101533436211905,S3,S3,13,0,49,0,81,3,0,True,True,templates,0,133,
N00235,D,c13049c7da74c0eb,e27f083966348102,ok,UNDERVOLTAGE,1.522677975997532,structure_unresolved,,13,2,49,0,81,4,4,True,True,templates,0,133,structure_unresolved
N00236,A,dec5fcab886f4cf5,26361fc9df94e6a2,ok,OVERVOLTAGE,1.108807241677741,search_unresolved,,13,0,49,0,81,0,0,False,False,multistart_coordinate_pair_random,384,516,search_unresolved
N00237,B,1b5334088c7a3b41,6b53ef5ba7d1a88a,ok,OVERVOLTAGE,1.2484579627188446,search_unresolved,,13,0,49,0,81,0,0,False,False,multistart_coordinate_pair_random,384,516,search_unresolved
N00238,C,30776ebed618482b,7fa5ad7091bb7629,ok,,0.32503047674904184,initial_rejected,,0,0,0,0,0,0,0,False,False,not_started,0,1,initial_mixed_or_already_compliant
N00239,D,84f98c41b0f95bdc,cb6e693edb5770e8,ok,,1.07945266546117,initial_rejected,,0,0,0,0,0,0,0,False,False,not_started,0,1,initial_mixed_or_already_compliant
N00240,A,8f0a0d1f02e50712,1ffe525351e708bb,ok,UNDERVOLTAGE,1.0374289128094025,S1,S1,13,1,49,0,81,5,0,True,True,templates,0,133,
N00241,B,a827a1c737deda1b,90348ad130a7df38,ok,,0.0,initial_rejected,,0,0,0,0,0,0,0,False,False,not_started,0,1,initial_mixed_or_already_compliant
N00242,C,5d06ff458594aea0,bbc3d64320d3aa1e,ok,,2.216390985866328,initial_rejected,,0,0,0,0,0,0,0,False,False,not_started,0,1,initial_mixed_or_already_compliant
N00243,D,e0a9245c1b44864d,aea7eb0f24dd18ec,ok,UNDERVOLTAGE,3.691533915348498,structure_unresolved,,13,0,49,0,81,0,31,False,False,templates,0,132,structure_unresolved
N00244,A,751f0e393bf72a43,f0de6d7df0a2ae6f,ok,OVERVOLTAGE,0.5909250882888466,S1,S1,13,3,49,0,81,8,0,True,True,templates,0,133,
N00245,B,c2c6465ca2a12925,c87c43d6994b2b5b,ok,UNDERVOLTAGE,0.5052452503301772,S1,S1,13,3,49,0,81,6,0,True,True,templates,0,133,
N00246,C,36498e4792426231,70aeab5561542532,ok,OVERVOLTAGE,0.009548078112672664,search_unresolved,,13,0,49,0,81,0,0,False,False,multistart_coordinate_pair_random,384,516,search_unresolved
N00247,D,c13049c7da74c0eb,e27f083966348102,ok,UNDERVOLTAGE,1.4388617028674306,structure_unresolved,,13,1,49,0,81,2,3,True,True,templates,0,133,structure_unresolved
N00248,A,4e136a9a64aa6f25,b3d2990ec14017dc,ok,UNDERVOLTAGE,0.4718391864999708,S1,S1,13,2,49,0,81,6,0,True,True,templates,0,133,
N00249,B,cf29579f51217212,5a79177e7cae27f4,ok,OVERVOLTAGE,0.0938383260787703,S2,S2,13,0,49,1,81,5,0,True,True,templates,0,133,
N00250,C,66f11ce90f3b5b08,32d9baf37341745c,ok,UNDERVOLTAGE,0.9871521528807802,S1,S1,13,2,49,0,81,7,0,True,True,templates,0,133,
N00251,D,f9256d3111f4d9ee,9bcc86a888b5a3ef,ok,UNDERVOLTAGE,0.15535193815600745,S1,S1,13,2,49,7,81,10,0,True,True,templates,0,133,
N00252,A,9eabfd71e1b37c1c,a45f499a0ff3c9a5,ok,OVERVOLTAGE,0.4959326366528307,S3,S3,13,0,49,0,81,3,0,True,True,templates,0,133,
N00253,B,d4a03bfb335bd6e9,e7ea01eaa5226336,ok,UNDERVOLTAGE,0.8554735967897388,S1,S1,13,2,49,0,81,5,0,True,True,templates,0,133,
N00254,C,de3d39301906ddcd,b35a5d02ef2ca21f,ok,,0.0,initial_rejected,,0,0,0,0,0,0,0,False,False,not_started,0,1,initial_mixed_or_already_compliant
N00255,D,01e0427d8e258715,9bcc86a888b5a3ef,ok,,0.3660632412794762,initial_rejected,,0,0,0,0,0,0,0,False,False,not_started,0,1,initial_mixed_or_already_compliant
N00256,A,fc7340eb07526dde,d17aa6043d597274,ok,UNDERVOLTAGE,0.9007671944333236,S1,S1,13,2,49,0,81,7,0,True,True,templates,0,133,
N00257,B,422f991d9e3b289b,2993ff556d372047,ok,OVERVOLTAGE,0.36923066538208027,S1,S1,13,3,49,0,81,13,0,True,True,templates,0,133,
N00258,C,ca73d619b314735f,5af7c4e2d7817924,ok,UNDERVOLTAGE,1.4935687860274536,structure_unresolved,,13,2,49,0,81,4,5,True,True,templates,0,133,structure_unresolved
N00259,D,867bb733e3102482,b46a3992e1cd46dd,ok,UNDERVOLTAGE,0.26508184267175594,S1,S1,13,3,49,2,81,13,0,True,True,templates,0,133,
N00260,A,ef428d84aa48d0ed,e079c51e204d304b,ok,OVERVOLTAGE,3.0822404802735024,search_unresolved,,13,0,49,0,81,0,0,False,False,multistart_coordinate_pair_random,384,516,search_unresolved
N00261,B,df59039a05861efd,6cea34dacd3fba88,ok,OVERVOLTAGE,0.6931195317318026,S1,S1,13,1,49,0,81,2,0,True,True,templates,0,133,
N00262,C,da75de8428c2d5f2,ba1efc1665ed2c38,ok,UNDERVOLTAGE,0.04592044349876001,S1,S1,13,3,49,10,81,9,0,True,True,templates,0,133,
N00263,D,c13049c7da74c0eb,e27f083966348102,ok,UNDERVOLTAGE,2.1845946930527886,structure_unresolved,,13,1,49,0,81,2,15,True,True,templates,0,133,structure_unresolved
N00264,A,9e0dcdcc993721d5,cc6813c39981077a,ok,UNDERVOLTAGE,1.2935710680118082,S1,S1,13,2,49,0,81,3,0,True,True,templates,0,133,
N00265,B,775388bd9a2c695a,13768b864508ebbd,ok,UNDERVOLTAGE,0.08013427814532348,S1,S1,13,3,49,6,81,9,0,True,True,templates,0,133,
N00266,C,96fcc4f05e3ba9ad,7d713ac4dc61c055,ok,UNDERVOLTAGE,1.1101917290211336,structure_unresolved,,13,1,49,0,81,1,2,True,True,templates,0,133,structure_unresolved
N00267,D,874df6c689cea019,aea7eb0f24dd18ec,ok,UNDERVOLTAGE,3.319384695657397,structure_unresolved,,13,0,49,0,81,0,23,False,False,templates,0,132,structure_unresolved
N00268,A,ada26af611b415b8,3a8b4fc73190d617,ok,OVERVOLTAGE,0.11352664601090656,S1,S1,13,2,49,2,81,7,0,True,True,templates,0,133,
N00269,B,16c39a2b1c8fd529,ac634021561f89db,ok,OVERVOLTAGE,0.7667805032434116,S3,S3,13,0,49,0,81,2,0,True,True,templates,0,133,
N00270,C,efdd5a5c8288deec,c329326efb9cd5c1,ok,,0.44794390245697724,initial_rejected,,0,0,0,0,0,0,0,False,False,not_started,0,1,initial_mixed_or_already_compliant
N00271,D,f2978e45e3430cc2,cb6e693edb5770e8,ok,OVERVOLTAGE,0.7896695283166053,S4,S4,13,0,49,0,81,0,0,True,True,multistart_coordinate_pair_random,4,137,
N00272,A,b3899b2a164b5805,bb084a06ebd3074e,ok,UNDERVOLTAGE,1.4406631559359382,structure_unresolved,,13,2,49,0,81,3,1,True,True,templates,0,133,structure_unresolved
N00273,B,3556d22d374597d6,987c917cbe661690,ok,,0.0,initial_rejected,,0,0,0,0,0,0,0,False,False,not_started,0,1,initial_mixed_or_already_compliant
N00274,C,90e656c5cd308f95,4041bd2e2ca9afc7,ok,OVERVOLTAGE,0.7229219349210092,search_unresolved,,13,0,49,0,81,0,0,False,False,multistart_coordinate_pair_random,384,516,search_unresolved
N00275,D,c13049c7da74c0eb,e27f083966348102,ok,UNDERVOLTAGE,0.6813262475459656,S1,S1,13,3,49,0,81,7,0,True,True,templates,0,133,
N00276,A,d2f42cf2cb60aeb4,e079c51e204d304b,ok,OVERVOLTAGE,1.0369910152445208,search_unresolved,,13,0,49,0,81,0,0,False,False,multistart_coordinate_pair_random,384,516,search_unresolved
N00277,B,5452a3af8bd61d7b,be9c13201b2be4c6,ok,OVERVOLTAGE,0.7406598677359488,search_unresolved,,13,0,49,0,81,0,0,False,False,multistart_coordinate_pair_random,384,516,search_unresolved
N00278,C,c6de99e8c170024f,cac003c0f7eee12b,ok,OVERVOLTAGE,0.06477920046942898,S2,S2,13,0,49,4,81,8,0,True,True,templates,0,133,
N00279,D,c13049c7da74c0eb,e27f083966348102,ok,,0.0,initial_rejected,,0,0,0,0,0,0,0,False,False,not_started,0,1,initial_mixed_or_already_compliant
N00280,A,a3d03c3e4a593569,0932a067a072207d,ok,UNDERVOLTAGE,0.9064945371503184,S1,S1,13,3,49,0,81,6,0,True,True,templates,0,133,
N00281,B,b97e83fa786dd58a,3bec6f666d734468,ok,UNDERVOLTAGE,0.9090054753538522,S1,S1,13,3,49,0,81,5,0,True,True,templates,0,133,
N00282,C,db70bf3f1cad488a,196c970eedd0474d,ok,UNDERVOLTAGE,1.2395040884273436,structure_unresolved,,13,1,49,0,81,3,13,True,True,templates,0,133,structure_unresolved
N00283,D,f89a5270f8b17dc7,9bcc86a888b5a3ef,ok,UNDERVOLTAGE,0.24242590022283672,S1,S1,13,3,49,5,81,13,0,True,True,templates,0,133,
N00284,A,2ec64f608bae6706,b441d851aea6a487,ok,,0.0,initial_rejected,,0,0,0,0,0,0,0,False,False,not_started,0,1,initial_mixed_or_already_compliant
N00285,B,97b0126b5620fd61,57d8935b231c831a,ok,UNDERVOLTAGE,0.13328701801689735,S1,S1,13,4,49,10,81,15,0,True,True,templates,0,133,
N00286,C,8c45bcb4b7eed523,0c7e9ab44ae1bee9,ok,UNDERVOLTAGE,0.8646578887250271,structure_unresolved,,13,2,49,0,81,5,4,True,True,templates,0,133,structure_unresolved
N00287,D,874df6c689cea019,aea7eb0f24dd18ec,ok,UNDERVOLTAGE,2.5837924100254317,structure_unresolved,,13,0,49,0,81,0,15,False,False,templates,0,132,structure_unresolved
N00288,A,959f353d38a3d452,c049a64f30b73264,ok,UNDERVOLTAGE,1.877618530038509,structure_unresolved,,13,2,49,0,81,2,13,True,True,templates,0,133,structure_unresolved
N00289,B,882947f7202986a5,0ba0ecc22eddc367,ok,UNDERVOLTAGE,0.3159350455637402,S2,S2,13,0,49,4,81,9,0,True,True,templates,0,133,
N00290,C,3768f7bc417c7c64,9d6ba656ca58ffaa,ok,UNDERVOLTAGE,0.116830191056157,S1,S1,13,2,49,4,81,10,0,True,True,templates,0,133,
N00291,D,c13049c7da74c0eb,e27f083966348102,ok,UNDERVOLTAGE,1.5018612634282733,structure_unresolved,,13,2,49,0,81,3,4,True,True,templates,0,133,structure_unresolved
N00292,A,32d0196325712429,933adb4bd33cff44,ok,OVERVOLTAGE,1.180767583864391,search_unresolved,,13,0,49,0,81,0,0,False,False,multistart_coordinate_pair_random,384,516,search_unresolved
N00293,B,a1fd504aa4e8914d,6b30a35dd551d161,ok,UNDERVOLTAGE,0.682806646814917,search_unresolved,,13,0,49,0,81,0,0,False,False,multistart_coordinate_pair_random,384,516,search_unresolved
N00294,C,3afc2cbc25a39a3b,c00be97b192ce34f,ok,UNDERVOLTAGE,0.32804630294826076,S1,S1,13,4,49,4,81,14,0,True,True,templates,0,133,
N00295,D,b35e31baf8eb03fe,aea7eb0f24dd18ec,ok,UNDERVOLTAGE,4.258273999091963,structure_unresolved,,13,0,49,0,81,0,35,False,False,templates,0,132,structure_unresolved
N00296,A,fd935f290ab7d1b9,0c53ab579af551da,ok,UNDERVOLTAGE,1.820479087755217,structure_unresolved,,13,0,49,0,81,0,2,False,False,templates,0,132,structure_unresolved
N00297,B,3f9097e0b5865362,cb8b13622c8df6bf,ok,UNDERVOLTAGE,1.0135288588308777,structure_unresolved,,13,3,49,0,81,9,5,True,True,templates,0,133,structure_unresolved
N00298,C,d69df678a73f076c,0d12adcdc5c5bf0a,ok,,0.7731652706127703,initial_rejected,,0,0,0,0,0,0,0,False,False,not_started,0,1,initial_mixed_or_already_compliant
N00299,D,3b1f8608ed03cb1d,cb6e693edb5770e8,ok,OVERVOLTAGE,1.202080713939352,search_unresolved,,13,0,49,0,81,0,0,False,False,multistart_coordinate_pair_random,384,516,search_unresolved
N00300,A,e04f795a8377951a,26361fc9df94e6a2,ok,OVERVOLTAGE,1.1759275940762883,S1,S1,13,2,49,0,81,3,0,True,True,templates,0,133,
N00301,B,398d1e51575dbcc5,6f3e6fb4daaee7b9,ok,,0.0,initial_rejected,,0,0,0,0,0,0,0,False,False,not_started,0,1,initial_mixed_or_already_compliant
N00302,C,8a042e6d5413e8c4,15574f2212ed0e9b,ok,UNDERVOLTAGE,0.548958490002922,S1,S1,13,3,49,2,81,12,0,True,True,templates,0,133,
N00303,D,1d24980a2f839765,cb6e693edb5770e8,ok,OVERVOLTAGE,5.530863673941511e-06,S1,S1,13,1,49,19,81,17,0,True,True,templates,0,133,
N00304,A,631d07fd88c0de15,ff2a327aecb1858a,ok,UNDERVOLTAGE,0.4946459542977496,S1,S1,13,4,49,0,81,12,0,True,True,templates,0,133,
N00305,B,dea66f74c42bc595,0caf6ba06b08ee0e,ok,OVERVOLTAGE,0.07409053982026959,S1,S1,13,2,49,9,81,11,0,True,True,templates,0,133,
N00306,C,00ee1af6f71dc2f2,86013d7bc857eb7e,ok,OVERVOLTAGE,0.9388315525766038,search_unresolved,,13,0,49,0,81,0,0,False,False,multistart_coordinate_pair_random,384,516,search_unresolved
N00307,D,c13049c7da74c0eb,e27f083966348102,ok,UNDERVOLTAGE,0.7887915736076264,S1,S1,13,2,49,0,81,5,0,True,True,templates,0,133,
N00308,A,8eb42e72eca5b47c,e079c51e204d304b,ok,OVERVOLTAGE,0.31240296844703486,S1,S1,13,1,49,1,81,10,0,True,True,templates,0,133,
N00309,B,29fd5591a0d1c039,9fb587509bda0fbe,ok,,0.0,initial_rejected,,0,0,0,0,0,0,0,False,False,not_started,0,1,initial_mixed_or_already_compliant
N00310,C,fffa3042f8e851d6,04325787b05ba1dc,ok,,0.0,initial_rejected,,0,0,0,0,0,0,0,False,False,not_started,0,1,initial_mixed_or_already_compliant
N00311,D,5975cfcd50906ed3,9bcc86a888b5a3ef,ok,OVERVOLTAGE,0.4151898418088895,S3,S3,13,0,49,0,81,1,0,True,True,templates,0,133,
N00312,A,57d49b52529bfc15,e90c5eb2104e3cb4,ok,UNDERVOLTAGE,1.166067866028866,S1,S1,13,1,49,0,81,5,0,True,True,templates,0,133,
N00313,B,3bcae320961317c1,4f39bcad351ad1dc,ok,UNDERVOLTAGE,0.28011421519926605,S3,S3,13,0,49,0,81,2,0,True,True,templates,0,133,
N00314,C,3b9e433c07d184d8,3b7fd4a625fbb0c8,ok,UNDERVOLTAGE,0.0025966458811514936,S1,S1,13,3,49,23,81,17,0,True,True,templates,0,133,
N00315,D,9a1f0e3e58b0ccf4,b46a3992e1cd46dd,ok,UNDERVOLTAGE,0.6302602372092974,S1,S1,13,4,49,0,81,7,0,True,True,templates,0,133,
N00316,A,257dfd74ae5e7b96,8a25067595d3cc9e,ok,OVERVOLTAGE,0.627169889180071,S3,S3,13,0,49,0,81,3,0,True,True,templates,0,133,
N00317,B,646f2552b5dbdd5e,7b7b5bb8b97778ac,ok,OVERVOLTAGE,0.08279884600206233,S1,S1,13,2,49,8,81,11,0,True,True,templates,0,133,
N00318,C,5abbafc6aa8499a8,c113ac59b804ee06,ok,UNDERVOLTAGE,0.20362092668335374,S1,S1,13,2,49,7,81,9,0,True,True,templates,0,133,
N00319,D,f89a5270f8b17dc7,9bcc86a888b5a3ef,ok,UNDERVOLTAGE,0.9513716957087708,structure_unresolved,,13,2,49,0,81,5,5,True,True,templates,0,133,structure_unresolved
N00320,A,4c2ed6ff92083505,a0ae522706ae9cde,ok,UNDERVOLTAGE,1.0342403402560416,S1,S1,13,3,49,0,81,4,0,True,True,templates,0,133,
N00321,B,9371105f1d489585,1677dc372ee62907,ok,UNDERVOLTAGE,0.08182433377461396,S1,S1,13,1,49,5,81,6,0,True,True,templates,0,133,
N00322,C,a03d33c980291b4e,3c05d3b2db1921d3,ok,UNDERVOLTAGE,0.035009839691411915,S1,S1,13,2,49,10,81,9,0,True,True,templates,0,133,
N00323,D,c047b092dbdc4fed,b46a3992e1cd46dd,ok,UNDERVOLTAGE,0.24767124819366126,S1,S1,13,4,49,2,81,12,0,True,True,templates,0,133,
N00324,A,4896325ea02d918a,e079c51e204d304b,ok,OVERVOLTAGE,0.9684265293207313,S1,S1,13,1,49,0,81,3,0,True,True,templates,0,133,
N00325,B,0e613d1968b55202,5f2fe96a62ae6fa0,ok,UNDERVOLTAGE,1.195821813048467,structure_unresolved,,13,3,49,0,81,4,3,True,True,templates,0,133,structure_unresolved
N00326,C,f3befaf34298ae0b,b1b7d957b9d66ae8,ok,UNDERVOLTAGE,0.46543959044423056,search_unresolved,,13,0,49,0,81,0,0,False,False,multistart_coordinate_pair_random+full_grid_scan,384,28562,search_unresolved
N00327,D,41821415da936070,b46a3992e1cd46dd,ok,,1.9779613434987933,initial_rejected,,0,0,0,0,0,0,0,False,False,not_started,0,1,initial_mixed_or_already_compliant
N00328,A,86e5bf684f5829b9,f3f1d04eda3cce29,ok,UNDERVOLTAGE,1.9768947717087348,structure_unresolved,,13,1,49,0,81,2,11,True,True,templates,0,133,structure_unresolved
N00329,B,91b91ff0df32a418,ff1473e724caaae2,ok,,0.0,initial_rejected,,0,0,0,0,0,0,0,False,False,not_started,0,1,initial_mixed_or_already_compliant
N00330,C,ba29677aa8233a32,5a6af0f321b45681,ok,UNDERVOLTAGE,0.4374098810266558,S1,S1,13,2,49,0,81,8,0,True,True,templates,0,133,
N00331,D,e0a9245c1b44864d,aea7eb0f24dd18ec,ok,UNDERVOLTAGE,1.6676219398231926,structure_unresolved,,13,2,49,0,81,4,7,True,True,templates,0,133,structure_unresolved
N00332,A,51c4b6f6cea6c683,26361fc9df94e6a2,ok,OVERVOLTAGE,0.1510087916682885,S1,S1,13,1,49,5,81,15,0,True,True,templates,0,133,
N00333,B,a42025bff833dd17,98b7d9765cc7c10b,ok,,0.0,initial_rejected,,0,0,0,0,0,0,0,False,False,not_started,0,1,initial_mixed_or_already_compliant
N00334,C,6a26c97b7a10f0c6,c0c5f6b80d56e896,ok,,0.32534244222733755,initial_rejected,,0,0,0,0,0,0,0,False,False,not_started,0,1,initial_mixed_or_already_compliant
N00335,D,c13049c7da74c0eb,e27f083966348102,ok,UNDERVOLTAGE,0.24115368642316548,S1,S1,13,3,49,5,81,12,0,True,True,templates,0,133,
N00336,A,f4f8d7bd371bfa98,5d61219530011ab2,ok,UNDERVOLTAGE,1.03242910112693,S1,S1,13,1,49,0,81,4,0,True,True,templates,0,133,
N00337,B,98d6eec2299f1d43,a9bb0dcfe14a75bf,ok,UNDERVOLTAGE,1.0321725159119208,S1,S1,13,1,49,0,81,4,0,True,True,templates,0,133,
N00338,C,d7889ae472df6ab7,d84204c4bc18b87c,ok,,0.1905762179635504,initial_rejected,,0,0,0,0,0,0,0,False,False,not_started,0,1,initial_mixed_or_already_compliant
N00339,D,c13049c7da74c0eb,e27f083966348102,ok,UNDERVOLTAGE,3.0777822459623807,structure_unresolved,,13,0,49,0,81,0,22,False,False,templates,0,132,structure_unresolved
N00340,A,7ee9e0918aaa1650,29f79c4bd2f29966,ok,OVERVOLTAGE,0.21063672987739768,S1,S1,13,2,49,4,81,10,0,True,True,templates,0,133,
N00341,B,982d001e5eadd1cd,b1e4186495a5e63f,ok,,0.0,initial_rejected,,0,0,0,0,0,0,0,False,False,not_started,0,1,initial_mixed_or_already_compliant
N00342,C,d0886ea8c180cafd,9f9c044dc3c6d65c,ok,UNDERVOLTAGE,0.5273991922782207,S3,S3,13,0,49,0,81,4,0,True,True,templates,0,133,
N00343,D,4d99ef48ca40af4f,b46a3992e1cd46dd,ok,UNDERVOLTAGE,1.3025860705890766,structure_unresolved,,13,2,49,0,81,4,1,True,True,templates,0,133,structure_unresolved
N00344,A,e3b26bca3ac5fc61,fdb385ea890154f6,ok,UNDERVOLTAGE,2.0063061595979854,structure_unresolved,,13,0,49,0,81,0,5,False,False,templates,0,132,structure_unresolved
N00345,B,ab45e10246e04387,6b30a35dd551d161,ok,,0.0,initial_rejected,,0,0,0,0,0,0,0,False,False,not_started,0,1,initial_mixed_or_already_compliant
N00346,C,9205a75a4cb63873,95e3cba2299652a0,ok,OVERVOLTAGE,0.04244855260608005,search_unresolved,,13,0,49,0,81,0,0,False,False,multistart_coordinate_pair_random,384,516,search_unresolved
N00347,D,9ab62bc88587affa,9bcc86a888b5a3ef,ok,OVERVOLTAGE,0.6836774460331014,search_unresolved,,13,0,49,0,81,0,0,False,False,multistart_coordinate_pair_random,384,516,search_unresolved
N00348,A,7496d8abd7c02c95,2182a595b99b3e7f,ok,OVERVOLTAGE,0.48804828453438254,S1,S1,13,2,49,0,81,7,0,True,True,templates,0,133,
N00349,B,bffd794ea720ab57,ea3367896aab514c,ok,UNDERVOLTAGE,0.0055149328862516,S1,S1,13,3,49,21,81,15,0,True,True,templates,0,133,
N00350,C,9359948b7e970aee,783889c0c4eba52f,ok,,0.10640735971381732,initial_rejected,,0,0,0,0,0,0,0,False,False,not_started,0,1,initial_mixed_or_already_compliant
N00351,D,4d99ef48ca40af4f,b46a3992e1cd46dd,ok,,0.20313354632883984,initial_rejected,,0,0,0,0,0,0,0,False,False,not_started,0,1,initial_mixed_or_already_compliant
N00352,A,21d65cbf8c654db2,e3e46b7a369eddb4,ok,UNDERVOLTAGE,1.8349099606386114,structure_unresolved,,13,1,49,0,81,1,3,True,True,templates,0,133,structure_unresolved
N00353,B,7ba0564c49296f06,dc90a479098ea1cd,ok,UNDERVOLTAGE,0.3493520766084852,S1,S1,13,4,49,4,81,13,0,True,True,templates,0,133,
N00354,C,7ad19ba2ec9a242a,a63246ed96ede831,ok,UNDERVOLTAGE,0.6842318711116776,S1,S1,13,3,49,0,81,10,0,True,True,templates,0,133,
N00355,D,c13049c7da74c0eb,e27f083966348102,ok,UNDERVOLTAGE,1.609196074524189,structure_unresolved,,13,2,49,0,81,3,11,True,True,templates,0,133,structure_unresolved
N00356,A,ccfcffdd200c1ebe,933adb4bd33cff44,ok,OVERVOLTAGE,1.0237497138266343,search_unresolved,,13,0,49,0,81,0,0,False,False,multistart_coordinate_pair_random,384,516,search_unresolved
N00357,B,88876e9c3823c1d1,d68a8d8a2111b93b,ok,OVERVOLTAGE,0.03354485842278865,S1,S1,13,1,49,6,81,12,0,True,True,templates,0,133,
N00358,C,ca2ebe6516e8e7b4,5eb5d206ba4ad2db,ok,UNDERVOLTAGE,0.04038847198829654,S1,S1,13,2,49,15,81,12,0,True,True,templates,0,133,
N00359,D,d6c450f7687af94f,9bcc86a888b5a3ef,ok,,0.08585274770207052,initial_rejected,,0,0,0,0,0,0,0,False,False,not_started,0,1,initial_mixed_or_already_compliant
N00360,A,da3e682910f216b4,89da167a0898a523,ok,UNDERVOLTAGE,0.23243255671024055,S1,S1,13,4,49,4,81,14,0,True,True,templates,0,133,
N00361,B,73acf23ea0b42685,3450e99977d56549,ok,UNDERVOLTAGE,0.0002525382784434038,S1,S1,13,3,49,23,81,10,0,True,True,templates,0,133,
N00362,C,67046c68c76fdbf4,fae9de53535b63af,ok,,0.31745158507130067,initial_rejected,,0,0,0,0,0,0,0,False,False,not_started,0,1,initial_mixed_or_already_compliant
N00363,D,ef538931e0faa6ae,b46a3992e1cd46dd,ok,,3.364667264162282,initial_rejected,,0,0,0,0,0,0,0,False,False,not_started,0,1,initial_mixed_or_already_compliant
N00364,A,6b49eb4265ba6d38,8a25067595d3cc9e,ok,OVERVOLTAGE,0.2831293327848119,S1,S1,13,2,49,2,81,7,0,True,True,templates,0,133,
N00365,B,12725a64c5bd705e,ecb1c656a815171d,ok,OVERVOLTAGE,0.6888540050754128,S3,S3,13,0,49,0,81,1,0,True,True,templates,0,133,
N00366,C,14b01fdedcabb89d,82c74a5cc6f3b432,ok,UNDERVOLTAGE,1.3350902098283957,structure_unresolved,,13,1,49,0,81,3,2,True,True,templates,0,133,structure_unresolved
N00367,D,e172b95e6cd144ba,9bcc86a888b5a3ef,ok,OVERVOLTAGE,0.1831677047443374,S2,S2,13,0,49,2,81,5,0,True,True,templates,0,133,
N00368,A,8d96420ed0935a6a,e5ae0edfc2d741c8,ok,UNDERVOLTAGE,1.6121864664345074,structure_unresolved,,13,2,49,0,81,2,4,True,True,templates,0,133,structure_unresolved
N00369,B,7d46624fb8384535,8e985f9262fa250a,ok,UNDERVOLTAGE,0.9213143614556971,S3,S3,13,0,49,0,81,2,0,True,True,templates,0,133,
N00370,C,cf2884b09e778beb,ffe65713915e4249,ok,UNDERVOLTAGE,4.2108775773961895,structure_unresolved,,13,0,49,0,81,0,35,False,False,templates,0,132,structure_unresolved
N00371,D,bd8a966de27eedb1,b46a3992e1cd46dd,ok,,0.8881004243040731,initial_rejected,,0,0,0,0,0,0,0,False,False,not_started,0,1,initial_mixed_or_already_compliant
N00372,A,7cbcc82b042a692a,b441d851aea6a487,ok,,0.0,initial_rejected,,0,0,0,0,0,0,0,False,False,not_started,0,1,initial_mixed_or_already_compliant
N00373,B,7baf1766134fcfc4,90cabd5a5c32396f,ok,,0.0,initial_rejected,,0,0,0,0,0,0,0,False,False,not_started,0,1,initial_mixed_or_already_compliant
N00374,C,f10bcea9aca1cf06,aacc8aeeede97d1f,ok,OVERVOLTAGE,1.7201067085719504,search_unresolved,,13,0,49,0,81,0,0,False,False,multistart_coordinate_pair_random,384,516,search_unresolved
N00375,D,5bee41af64485b1a,9bcc86a888b5a3ef,ok,UNDERVOLTAGE,0.05832484180454556,S2,S2,13,0,49,7,81,7,0,True,True,templates,0,133,
N00376,A,b6ba36a9255ac380,dfe5e947512dc9fa,ok,UNDERVOLTAGE,1.7940445656193031,structure_unresolved,,13,1,49,0,81,1,3,True,True,templates,0,133,structure_unresolved
N00377,B,6b0e285c98e6634b,cc371d4ffadad231,ok,,0.0,initial_rejected,,0,0,0,0,0,0,0,False,False,not_started,0,1,initial_mixed_or_already_compliant
N00378,C,f7de2671bf2cd75c,ef904263cbe82d91,ok,UNDERVOLTAGE,0.24327995264980218,S1,S1,13,1,49,2,81,6,0,True,True,templates,0,133,
N00379,D,65b82ccd114db382,b46a3992e1cd46dd,ok,UNDERVOLTAGE,0.07233938198495249,S1,S1,13,4,49,14,81,16,0,True,True,templates,0,133,
N00380,A,2231fee103b486b4,26361fc9df94e6a2,ok,OVERVOLTAGE,0.09181667314490616,S1,S1,13,2,49,5,81,11,0,True,True,templates,0,133,
N00381,B,8321c5e4a0d756f8,ee3e856382a52248,ok,UNDERVOLTAGE,0.006749462487704139,S1,S1,13,1,49,19,81,8,0,True,True,templates,0,133,
N00382,C,e2a8820bbffd9b81,30313459a87eb3f4,ok,,0.0,initial_rejected,,0,0,0,0,0,0,0,False,False,not_started,0,1,initial_mixed_or_already_compliant
N00383,D,1d24980a2f839765,cb6e693edb5770e8,ok,,0.11360080976572362,initial_rejected,,0,0,0,0,0,0,0,False,False,not_started,0,1,initial_mixed_or_already_compliant
N00384,A,82316f0df2ebdc8a,80ec32e8faa1d789,ok,UNDERVOLTAGE,1.3453360489090933,structure_unresolved,,13,3,49,0,81,4,3,True,True,templates,0,133,structure_unresolved
N00385,B,7776c53b6e773366,690c2440f63d6908,ok,,0.0,initial_rejected,,0,0,0,0,0,0,0,False,False,not_started,0,1,initial_mixed_or_already_compliant
N00386,C,56e3de48c504560b,d8d28fa305e0eb87,ok,OVERVOLTAGE,1.2085551661851208,search_unresolved,,13,0,49,0,81,0,0,False,False,multistart_coordinate_pair_random,384,516,search_unresolved
N00387,D,c63bfb66db5a68b5,b46a3992e1cd46dd,ok,UNDERVOLTAGE,1.8067085045449842,structure_unresolved,,13,0,49,0,81,0,3,False,False,templates,0,132,structure_unresolved
N00388,A,461e3a7c6d525fd1,e4721bd627d63009,ok,,0.0,initial_rejected,,0,0,0,0,0,0,0,False,False,not_started,0,1,initial_mixed_or_already_compliant
N00389,B,9c555d0d75e88ad4,252b326b70e37f29,ok,OVERVOLTAGE,0.13435597896714846,S1,S1,13,3,49,9,81,11,0,True,True,templates,0,133,
N00390,C,1c6b365f2f9cb07a,fd8b7b481da0cae8,ok,UNDERVOLTAGE,0.9116247055510328,S1,S1,13,1,49,0,81,2,0,True,True,templates,0,133,
N00391,D,e0a9245c1b44864d,aea7eb0f24dd18ec,ok,UNDERVOLTAGE,1.31633648582313,structure_unresolved,,13,2,49,0,81,4,2,True,True,templates,0,133,structure_unresolved
N00392,A,d781f1651f414180,46b4c8780a8bab79,ok,UNDERVOLTAGE,0.38183669044052093,S1,S1,13,3,49,0,81,8,0,True,True,templates,0,133,
N00393,B,78a8917ba82ed887,2cbfd841ad34d42b,ok,UNDERVOLTAGE,3.480573698759312,structure_unresolved,,13,0,49,0,81,0,23,False,False,templates,0,132,structure_unresolved
N00394,C,ff9c666641c99959,caecf434b86a9fd1,ok,OVERVOLTAGE,0.3239086204003392,search_unresolved,,13,0,49,0,81,0,0,False,False,multistart_coordinate_pair_random,384,516,search_unresolved
N00395,D,d0925196909f79dd,cb6e693edb5770e8,ok,OVERVOLTAGE,0.7219871340287982,search_unresolved,,13,0,49,0,81,0,0,False,False,multistart_coordinate_pair_random,384,516,search_unresolved
N00396,A,10e8995a61996ecb,b441d851aea6a487,ok,,0.0,initial_rejected,,0,0,0,0,0,0,0,False,False,not_started,0,1,initial_mixed_or_already_compliant
N00397,B,d26b81ea586bf391,f8a2420108ad6757,ok,,0.0,initial_rejected,,0,0,0,0,0,0,0,False,False,not_started,0,1,initial_mixed_or_already_compliant
N00398,C,24626ddff7f5b269,ef29933343fcb802,ok,,1.7148852816405324,initial_rejected,,0,0,0,0,0,0,0,False,False,not_started,0,1,initial_mixed_or_already_compliant
N00399,D,c13049c7da74c0eb,e27f083966348102,ok,UNDERVOLTAGE,0.5612700657214704,S1,S1,13,4,49,0,81,8,0,True,True,templates,0,133,
N00400,A,5fde0ed0500aa5fe,b1c50c908b37c7ca,ok,UNDERVOLTAGE,0.5669306107306008,S1,S1,13,4,49,0,81,7,0,True,True,templates,0,133,
N00401,B,764fdadf55067df5,20d907eeb022f86b,ok,UNDERVOLTAGE,0.33126198182613475,S1,S1,13,3,49,5,81,10,0,True,True,templates,0,133,
N00402,C,a344449a99de74d0,84c0816eef9037c4,ok,UNDERVOLTAGE,1.6153092197723407,structure_unresolved,,13,1,49,0,81,3,3,True,True,templates,0,133,structure_unresolved
N00403,D,c13049c7da74c0eb,e27f083966348102,ok,UNDERVOLTAGE,0.9846905217730817,S1,S1,13,2,49,0,81,5,0,True,True,templates,0,133,
N00404,A,edb5fc98d44515b5,3a8b4fc73190d617,ok,OVERVOLTAGE,0.808581492448011,search_unresolved,,13,0,49,0,81,0,0,False,False,multistart_coordinate_pair_random,384,516,search_unresolved
N00405,B,40f20a6693837e97,adce89d8700727f3,ok,,0.0,initial_rejected,,0,0,0,0,0,0,0,False,False,not_started,0,1,initial_mixed_or_already_compliant
N00406,C,872fbfc0d07eb6be,86bf5eb1f1b65f2d,ok,,0.0,initial_rejected,,0,0,0,0,0,0,0,False,False,not_started,0,1,initial_mixed_or_already_compliant
N00407,D,c13049c7da74c0eb,e27f083966348102,ok,UNDERVOLTAGE,0.8662220492334736,S1,S1,13,3,49,0,81,4,0,True,True,templates,0,133,
N00408,A,455beed1ed86c36d,c19ce425b62c68bb,ok,UNDERVOLTAGE,1.6422198574375648,structure_unresolved,,13,1,49,0,81,2,3,True,True,templates,0,133,structure_unresolved
N00409,B,cc5e40a499aac7d1,399ea90416e06098,ok,,0.3208499341395302,initial_rejected,,0,0,0,0,0,0,0,False,False,not_started,0,1,initial_mixed_or_already_compliant
N00410,C,3d2644b42fa73565,7abdc167ad9dc6b7,ok,,0.0,initial_rejected,,0,0,0,0,0,0,0,False,False,not_started,0,1,initial_mixed_or_already_compliant
N00411,D,60d7c18d6a8062a9,9bcc86a888b5a3ef,ok,,0.7709291800520943,initial_rejected,,0,0,0,0,0,0,0,False,False,not_started,0,1,initial_mixed_or_already_compliant
N00412,A,e6bf1ba1f5161b98,7967938f9feee257,ok,OVERVOLTAGE,0.30455443228171863,search_unresolved,,13,0,49,0,81,0,0,False,False,multistart_coordinate_pair_random,384,516,search_unresolved
N00413,B,453918055d691ab2,9d01b943be18f5d6,ok,UNDERVOLTAGE,0.7747602641194805,S1,S1,13,3,49,0,81,6,0,True,True,templates,0,133,
N00414,C,8dae4c4ddad6a582,b29e7e5089f60f75,ok,UNDERVOLTAGE,0.2342688578664176,S1,S1,13,3,49,6,81,16,0,True,True,templates,0,133,
N00415,D,9498b0ef0bffdb50,9bcc86a888b5a3ef,ok,OVERVOLTAGE,0.043164141847529924,S2,S2,13,0,49,2,81,6,0,True,True,templates,0,133,
N00416,A,0096abcb74aae8cd,cdaca0ffcbc440cd,ok,UNDERVOLTAGE,0.8873071752560389,S1,S1,13,4,49,0,81,6,0,True,True,templates,0,133,
N00417,B,d01a1ff7f5dd17f5,0caf6ba06b08ee0e,ok,UNDERVOLTAGE,0.33547074022352474,S1,S1,13,2,49,2,81,6,0,True,True,templates,0,133,
N00418,C,6ed9a81296056294,86639e0a98254a54,ok,OVERVOLTAGE,0.68360240911524,S3,S3,13,0,49,0,81,1,0,True,True,templates,0,133,
N00419,D,37529812d5be08c9,aea7eb0f24dd18ec,ok,UNDERVOLTAGE,0.2136647176411286,S1,S1,13,4,49,6,81,14,0,True,True,templates,0,133,
N00420,A,bac0197c64086b35,26361fc9df94e6a2,ok,OVERVOLTAGE,0.06916999658053369,S1,S1,13,3,49,10,81,13,0,True,True,templates,0,133,
N00421,B,2f171fb1e0f5dfd7,376812aa114ce0d3,ok,,0.0,initial_rejected,,0,0,0,0,0,0,0,False,False,not_started,0,1,initial_mixed_or_already_compliant
N00422,C,ab613debf3154831,b50f4b31d482fd49,ok,OVERVOLTAGE,0.023966144583321247,S1,S1,13,1,49,9,81,9,0,True,True,templates,0,133,
N00423,D,870724788bcaefae,9bcc86a888b5a3ef,ok,,0.0,initial_rejected,,0,0,0,0,0,0,0,False,False,not_started,0,1,initial_mixed_or_already_compliant
N00424,A,d9ab127bac099fde,59433f727c06b633,ok,UNDERVOLTAGE,0.9134918678291447,S1,S1,13,2,49,0,81,4,0,True,True,templates,0,133,
N00425,B,c665cfc4d9d8d250,8fa45a032d314395,ok,,0.0,initial_rejected,,0,0,0,0,0,0,0,False,False,not_started,0,1,initial_mixed_or_already_compliant
N00426,C,1a71f784b2010f1f,21d4440104e6be6f,ok,,0.0,initial_rejected,,0,0,0,0,0,0,0,False,False,not_started,0,1,initial_mixed_or_already_compliant
N00427,D,753b6f5011d53c97,cb6e693edb5770e8,ok,,0.38256905376357464,initial_rejected,,0,0,0,0,0,0,0,False,False,not_started,0,1,initial_mixed_or_already_compliant
N00428,A,b022dbfd59e135b0,8a25067595d3cc9e,ok,OVERVOLTAGE,0.15968535556570074,S1,S1,13,2,49,4,81,5,0,True,True,templates,0,133,
N00429,B,d686cb075caa41f6,8bc7fe7709b7151c,ok,OVERVOLTAGE,0.016244191097192662,S1,S1,13,1,49,12,81,12,0,True,True,templates,0,133,
N00430,C,deaeb9e595ac6aae,57a9880fd8016c0e,ok,UNDERVOLTAGE,0.6168994861749144,S1,S1,13,3,49,2,81,12,0,True,True,templates,0,133,
N00431,D,c63bfb66db5a68b5,b46a3992e1cd46dd,ok,UNDERVOLTAGE,1.8514510204274501,structure_unresolved,,13,1,49,0,81,2,5,True,True,templates,0,133,structure_unresolved
N00432,A,1e11ce7c2a125535,bd9646d0a3d50855,ok,UNDERVOLTAGE,1.389834047391833,structure_unresolved,,13,2,49,0,81,5,3,True,True,templates,0,133,structure_unresolved
N00433,B,8c7e79716e28915e,cc9886bb026b91e8,ok,,0.0,initial_rejected,,0,0,0,0,0,0,0,False,False,not_started,0,1,initial_mixed_or_already_compliant
N00434,C,322fccf0b082da63,9e61f0f093d38b20,ok,UNDERVOLTAGE,0.4151505028047675,S1,S1,13,1,49,1,81,7,0,True,True,templates,0,133,
N00435,D,e679120fc09619de,aea7eb0f24dd18ec,ok,UNDERVOLTAGE,0.04571938718782187,S1,S1,13,3,49,15,81,15,0,True,True,templates,0,133,
N00436,A,aad819f9636bccc1,8a25067595d3cc9e,ok,OVERVOLTAGE,0.28689149629802935,S2,S2,13,0,49,1,81,6,0,True,True,templates,0,133,
N00437,B,271fc052652d55ff,c0a7fc98608b136e,ok,OVERVOLTAGE,0.291828289368417,S1,S1,13,3,49,3,81,11,0,True,True,templates,0,133,
N00438,C,695b2b034fbb1d79,6a7b17895e5c2e96,ok,,0.0,initial_rejected,,0,0,0,0,0,0,0,False,False,not_started,0,1,initial_mixed_or_already_compliant
N00439,D,d77e149a73e52281,9bcc86a888b5a3ef,ok,OVERVOLTAGE,0.06452258532594057,S1,S1,13,1,49,7,81,11,0,True,True,templates,0,133,
N00440,A,39addd14f03112ae,394f7a18c9fe5798,ok,UNDERVOLTAGE,2.336129765330658,structure_unresolved,,13,0,49,0,81,0,11,False,False,templates,0,132,structure_unresolved
N00441,B,8322e110bcd9f37c,17a253a86acb0630,ok,OVERVOLTAGE,0.35184494390585375,S1,S1,13,3,49,2,81,13,0,True,True,templates,0,133,
N00442,C,0eaa18aa89af9c89,b6a596021c4bcc37,ok,UNDERVOLTAGE,0.17686675985290523,S1,S1,13,4,49,8,81,16,0,True,True,templates,0,133,
N00443,D,b35e31baf8eb03fe,aea7eb0f24dd18ec,ok,UNDERVOLTAGE,2.063829785905999,structure_unresolved,,13,0,49,0,81,0,9,False,False,templates,0,132,structure_unresolved
N00444,A,92b4fe22e0cfa327,8a25067595d3cc9e,ok,OVERVOLTAGE,0.2153715607460105,S1,S1,13,1,49,3,81,6,0,True,True,templates,0,133,
N00445,B,bcbfe1f039d247cf,54b6940d58b3e657,ok,OVERVOLTAGE,0.6269999780257784,search_unresolved,,13,0,49,0,81,0,0,False,False,multistart_coordinate_pair_random,384,516,search_unresolved
N00446,C,bc4ea8121b52adcd,1aac6084e2302ccd,ok,UNDERVOLTAGE,1.0198000869090058,search_unresolved,,13,0,49,0,81,0,0,False,False,multistart_coordinate_pair_random,384,516,search_unresolved
N00447,D,c13049c7da74c0eb,e27f083966348102,ok,,0.0,initial_rejected,,0,0,0,0,0,0,0,False,False,not_started,0,1,initial_mixed_or_already_compliant
N00448,A,6cdc3a5a171cb2f1,41fc0714388b5d96,ok,UNDERVOLTAGE,2.7329468986496277,structure_unresolved,,13,0,49,0,81,0,19,False,False,templates,0,132,structure_unresolved
N00449,B,0710b9262392777c,baaaf0f69aff2d95,ok,OVERVOLTAGE,0.995706140745644,search_unresolved,,13,0,49,0,81,0,0,False,False,multistart_coordinate_pair_random,384,516,search_unresolved
N00450,C,e9a4f26a033e44f6,648d8edc63c5e178,ok,UNDERVOLTAGE,0.41527418305973984,S1,S1,13,3,49,0,81,9,0,True,True,templates,0,133,
N00451,D,867bb733e3102482,b46a3992e1cd46dd,ok,UNDERVOLTAGE,0.6016856329403516,S1,S1,13,3,49,0,81,7,0,True,True,templates,0,133,
N00452,A,512bc6bb27cdfa71,3a8b4fc73190d617,ok,OVERVOLTAGE,0.16442347632926824,S3,S3,13,0,49,0,81,2,0,True,True,templates,0,133,
N00453,B,69a5ec7c8c42b843,85258a497c6251af,ok,UNDERVOLTAGE,0.3838953134799219,S1,S1,13,3,49,3,81,11,0,True,True,templates,0,133,
N00454,C,032b36459267ac0c,f08e66648c3bf6e8,ok,UNDERVOLTAGE,1.9500085998253298,structure_unresolved,,13,1,49,0,81,3,12,True,True,templates,0,133,structure_unresolved
N00455,D,6ccb7515c7bd0e46,9bcc86a888b5a3ef,ok,OVERVOLTAGE,0.32530811361707745,search_unresolved,,13,0,49,0,81,0,0,False,False,multistart_coordinate_pair_random,384,516,search_unresolved
N00456,A,5acab3ab028aecd3,975c17fcf0ea3f1c,ok,UNDERVOLTAGE,2.077408151116588,structure_unresolved,,13,0,49,0,81,0,5,False,False,templates,0,132,structure_unresolved
N00457,B,b79667facbc18ce9,6193bb99399a812c,ok,OVERVOLTAGE,0.613256122622406,S3,S3,13,0,49,0,81,3,0,True,True,templates,0,133,
N00458,C,c55d8cf14a510cd2,0d41b4780c99eb57,ok,,0.0,initial_rejected,,0,0,0,0,0,0,0,False,False,not_started,0,1,initial_mixed_or_already_compliant
N00459,D,c13049c7da74c0eb,e27f083966348102,ok,UNDERVOLTAGE,0.23721322972938896,S1,S1,13,3,49,1,81,10,0,True,True,templates,0,133,
N00460,A,367c95c9e20ab5c7,c49a49b08678e2da,ok,OVERVOLTAGE,0.46591432612948624,S4,S4,13,0,49,0,81,0,0,True,True,multistart_coordinate_pair_random,2,135,
N00461,B,1669c5fb68bd24be,18e65f8f2d5949f2,ok,,0.0,initial_rejected,,0,0,0,0,0,0,0,False,False,not_started,0,1,initial_mixed_or_already_compliant
N00462,C,ef868bd241d232e9,31e99aba4b97ab00,ok,,0.0,initial_rejected,,0,0,0,0,0,0,0,False,False,not_started,0,1,initial_mixed_or_already_compliant
N00463,D,45e25829ffc418cd,cb6e693edb5770e8,ok,UNDERVOLTAGE,1.242516396912921,search_unresolved,,13,0,49,0,81,0,0,False,False,multistart_coordinate_pair_random,384,516,search_unresolved
N00464,A,60a192ee9f280e6b,5d9e07ca95cb8a74,ok,UNDERVOLTAGE,0.49130352270539945,S1,S1,13,2,49,1,81,9,0,True,True,templates,0,133,
N00465,B,29dfefe612b7bc83,eab2dd3fdec9d3b0,ok,,0.27733561488487435,initial_rejected,,0,0,0,0,0,0,0,False,False,not_started,0,1,initial_mixed_or_already_compliant
N00466,C,3ee1a6396532d210,2998b71fedb3d44c,ok,UNDERVOLTAGE,0.3848067580230129,S1,S1,13,4,49,3,81,10,0,True,True,templates,0,133,
N00467,D,c13049c7da74c0eb,e27f083966348102,ok,UNDERVOLTAGE,0.15581496638847603,S1,S1,13,3,49,4,81,11,0,True,True,templates,0,133,
N00468,A,26776cc8567fc95c,f0de6d7df0a2ae6f,ok,OVERVOLTAGE,0.6439161281718395,S1,S1,13,3,49,0,81,5,0,True,True,templates,0,133,
N00469,B,55779ad8440bc417,e801f9a9ab402f6e,ok,,0.0,initial_rejected,,0,0,0,0,0,0,0,False,False,not_started,0,1,initial_mixed_or_already_compliant
N00470,C,882eb65b2f441511,7d8e5ffa08025ba9,ok,UNDERVOLTAGE,0.1955143556831379,S1,S1,13,1,49,7,81,14,0,True,True,templates,0,133,
N00471,D,e0a9245c1b44864d,aea7eb0f24dd18ec,ok,UNDERVOLTAGE,0.645854997578529,S1,S1,13,3,49,0,81,7,0,True,True,templates,0,133,
N00472,A,2d387451e440d39f,0d425da449f3fda4,ok,UNDERVOLTAGE,0.6561292299019701,S1,S1,13,4,49,0,81,9,0,True,True,templates,0,133,
N00473,B,6c1f6c68cd987b14,c60557ba935ccd1e,ok,,0.0,initial_rejected,,0,0,0,0,0,0,0,False,False,not_started,0,1,initial_mixed_or_already_compliant
N00474,C,5cfc2799907e296f,03be453da6a17e71,ok,UNDERVOLTAGE,0.06114337346916465,S1,S1,13,4,49,14,81,17,0,True,True,templates,0,133,
N00475,D,a23453975c40c04e,cb6e693edb5770e8,ok,,0.4365339076417263,initial_rejected,,0,0,0,0,0,0,0,False,False,not_started,0,1,initial_mixed_or_already_compliant
N00476,A,ac5927359ea744fd,da262b96b49629f0,ok,UNDERVOLTAGE,0.04989299319899976,S1,S1,13,3,49,13,81,15,0,True,True,templates,0,133,
N00477,B,5a64177a4b3ac99f,57d8935b231c831a,ok,UNDERVOLTAGE,1.2070350927639828,structure_unresolved,,13,3,49,0,81,5,3,True,True,templates,0,133,structure_unresolved
N00478,C,7192416ab1b1aa77,07d58f4ba62d1502,ok,,0.0,initial_rejected,,0,0,0,0,0,0,0,False,False,not_started,0,1,initial_mixed_or_already_compliant
N00479,D,874df6c689cea019,aea7eb0f24dd18ec,ok,UNDERVOLTAGE,2.0992865086926233,structure_unresolved,,13,0,49,0,81,0,10,False,False,templates,0,132,structure_unresolved
N00480,A,ca3b60cd4c2a5527,0c37c09a5301dbea,ok,UNDERVOLTAGE,0.8023281592628905,S1,S1,13,3,49,0,81,6,0,True,True,templates,0,133,
N00481,B,c1e5589bac79a1b6,cc6ad51a61e9741e,ok,UNDERVOLTAGE,0.5325013326667241,S1,S1,13,3,49,0,81,8,0,True,True,templates,0,133,
N00482,C,50656d6b9436ca1d,2c0b270461434ed4,ok,UNDERVOLTAGE,1.8315536073088974,structure_unresolved,,13,2,49,0,81,2,12,True,True,templates,0,133,structure_unresolved
N00483,D,874df6c689cea019,aea7eb0f24dd18ec,ok,UNDERVOLTAGE,2.176150411427133,structure_unresolved,,13,0,49,0,81,0,11,False,False,templates,0,132,structure_unresolved
N00484,A,1540bf149a705fbf,2182a595b99b3e7f,ok,OVERVOLTAGE,1.5089170947600825,search_unresolved,,13,0,49,0,81,0,0,False,False,multistart_coordinate_pair_random,384,516,search_unresolved
N00485,B,fecb852312a7d2ec,969c16470d0f32a4,ok,,0.0,initial_rejected,,0,0,0,0,0,0,0,False,False,not_started,0,1,initial_mixed_or_already_compliant
N00486,C,8bb8301d61011b5f,bc89452bf55e1184,ok,UNDERVOLTAGE,4.100466754776447,structure_unresolved,,13,0,49,0,81,0,32,False,False,templates,0,132,structure_unresolved
N00487,D,c13049c7da74c0eb,e27f083966348102,ok,,0.0,initial_rejected,,0,0,0,0,0,0,0,False,False,not_started,0,1,initial_mixed_or_already_compliant
N00488,A,ee8d99cc566b7eca,6af860d9f5ca6355,ok,,0.0,initial_rejected,,0,0,0,0,0,0,0,False,False,not_started,0,1,initial_mixed_or_already_compliant
N00489,B,1851209268a0570f,e9868a5a166b460c,ok,UNDERVOLTAGE,0.0026455344962815763,S1,S1,13,1,49,12,81,6,0,True,True,templates,0,133,
N00490,C,44de144a7fd1fcc7,4b3c774a6c8da598,ok,UNDERVOLTAGE,0.05368410157443759,S1,S1,13,4,49,14,81,16,0,True,True,templates,0,133,
N00491,D,815482d897e1a545,9bcc86a888b5a3ef,ok,UNDERVOLTAGE,0.15152914602371437,S1,S1,13,2,49,6,81,8,0,True,True,templates,0,133,
N00492,A,3c82c68a1cc44593,ee178edbac927e52,ok,OVERVOLTAGE,0.7206919700112175,search_unresolved,,13,0,49,0,81,0,0,False,False,multistart_coordinate_pair_random,384,516,search_unresolved
N00493,B,7eb380ca9ae21796,501b53db4afe7e54,ok,,0.0,initial_rejected,,0,0,0,0,0,0,0,False,False,not_started,0,1,initial_mixed_or_already_compliant
N00494,C,ecff466373522471,b7f83ad44b05214c,ok,UNDERVOLTAGE,0.6984522026518766,S1,S1,13,2,49,0,81,5,0,True,True,templates,0,133,
N00495,D,c13049c7da74c0eb,e27f083966348102,ok,UNDERVOLTAGE,0.0013903008774185377,S1,S1,13,3,49,23,81,15,0,True,True,templates,0,133,
N00496,A,c3bf8b8e81e14776,32cd785279effb1f,ok,UNDERVOLTAGE,1.936426700807196,structure_unresolved,,13,1,49,0,81,1,8,True,True,templates,0,133,structure_unresolved
N00497,B,ed0a2a3a8b67e0dc,7af0f6f3ae2d208d,ok,UNDERVOLTAGE,0.027485594014600934,S1,S1,13,3,49,14,81,14,0,True,True,templates,0,133,
N00498,C,3ed9efea368025bf,96d6ad83bd5cce61,ok,OVERVOLTAGE,0.38365211600266136,S3,S3,13,0,49,0,81,2,0,True,True,templates,0,133,
N00499,D,a4b8bb3bf8acbc92,9bcc86a888b5a3ef,ok,UNDERVOLTAGE,0.024779115124729745,S2,S2,13,0,49,5,81,7,0,True,True,templates,0,133,
N00500,A,647edd5d61e4310c,2df2abdcc5329aeb,ok,OVERVOLTAGE,0.02085453818180083,S1,S1,13,1,49,8,81,9,0,True,True,templates,0,133,
N00501,B,47b301677bc9a2be,45f80349c06cc984,ok,UNDERVOLTAGE,0.8037846329405997,S1,S1,13,2,49,0,81,6,0,True,True,templates,0,133,
N00502,C,7de4bb78f84f8b91,d6537e8d02c4b840,ok,,0.014468669006290402,initial_rejected,,0,0,0,0,0,0,0,False,False,not_started,0,1,initial_mixed_or_already_compliant
N00503,D,867bb733e3102482,b46a3992e1cd46dd,ok,UNDERVOLTAGE,3.002321766887954,structure_unresolved,,13,0,49,0,81,0,15,False,False,templates,0,132,structure_unresolved
N00504,A,4e49f8b749136440,8eea6a5bbff66183,ok,UNDERVOLTAGE,2.5895874934421235,structure_unresolved,,13,0,49,0,81,0,13,False,False,templates,0,132,structure_unresolved
N00505,B,15dc9a8c65dad413,1e6c60210fb1c3f9,ok,UNDERVOLTAGE,0.6756709214929953,S1,S1,13,3,49,0,81,7,0,True,True,templates,0,133,
N00506,C,27d3e05ca3f2bad5,4ef3d8d3b2fdd7db,ok,,0.0,initial_rejected,,0,0,0,0,0,0,0,False,False,not_started,0,1,initial_mixed_or_already_compliant
N00507,D,ef6f4871e103f806,b46a3992e1cd46dd,ok,,0.8802173704927949,initial_rejected,,0,0,0,0,0,0,0,False,False,not_started,0,1,initial_mixed_or_already_compliant
N00508,A,d6fc409e9bce2f69,2182a595b99b3e7f,ok,OVERVOLTAGE,1.5959474573332753,search_unresolved,,13,0,49,0,81,0,0,False,False,multistart_coordinate_pair_random,384,516,search_unresolved
N00509,B,adfbece794b44164,d068cdebd397bb8d,ok,UNDERVOLTAGE,0.29011249973549325,S1,S1,13,3,49,4,81,17,0,True,True,templates,0,133,
N00510,C,b1ac7b0dee5cfd16,2da1b9e741906d97,ok,OVERVOLTAGE,0.17059507052223544,S2,S2,13,0,49,5,81,7,0,True,True,templates,0,133,
N00511,D,c047b092dbdc4fed,b46a3992e1cd46dd,ok,UNDERVOLTAGE,3.3211657187287487,structure_unresolved,,13,0,49,0,81,0,21,False,False,templates,0,132,structure_unresolved
N00512,A,9273d53e15330635,77a6c6c9b6c42c7a,ok,UNDERVOLTAGE,2.5527659922706407,structure_unresolved,,13,0,49,0,81,0,13,False,False,templates,0,132,structure_unresolved
N00513,B,73e81aad8b107eb9,8777024c4c573f5a,ok,UNDERVOLTAGE,1.8868707808445087,structure_unresolved,,13,1,49,0,81,2,16,True,True,templates,0,133,structure_unresolved
N00514,C,820d0de393571222,3249a147dc065866,ok,,0.0,initial_rejected,,0,0,0,0,0,0,0,False,False,not_started,0,1,initial_mixed_or_already_compliant
N00515,D,874df6c689cea019,aea7eb0f24dd18ec,ok,UNDERVOLTAGE,0.36096575179363366,S1,S1,13,1,49,0,81,6,0,True,True,templates,0,133,
N00516,A,4255663b363f4720,e4721bd627d63009,ok,OVERVOLTAGE,0.13514432720590674,S1,S1,13,1,49,3,81,7,0,True,True,templates,0,133,
N00517,B,feba64eabb7d8617,bf45fbb8956dcdaa,ok,UNDERVOLTAGE,0.47775335207049097,S1,S1,13,2,49,1,81,7,0,True,True,templates,0,133,
N00518,C,48f1dbce1cb93b16,d716b2ae807d74a4,ok,OVERVOLTAGE,0.20472432764514736,S2,S2,13,0,49,1,81,5,0,True,True,templates,0,133,
N00519,D,61b9c4428b9a66eb,9bcc86a888b5a3ef,ok,OVERVOLTAGE,0.24115435715752742,S4,S4,13,0,49,0,81,0,0,True,True,multistart_coordinate_pair_random,58,191,
N00520,A,e333067da488cce7,e9143978eb03407e,ok,UNDERVOLTAGE,1.6480629003538065,search_unresolved,,13,0,49,0,81,0,0,False,False,multistart_coordinate_pair_random,384,516,search_unresolved
N00521,B,b38db581aec7c687,2091731b8aec7172,ok,,0.0,initial_rejected,,0,0,0,0,0,0,0,False,False,not_started,0,1,initial_mixed_or_already_compliant
N00522,C,08353cbef58e1ee4,d832edb78eba9315,ok,UNDERVOLTAGE,0.2969280342065972,S1,S1,13,1,49,4,81,12,0,True,True,templates,0,133,
N00523,D,c13049c7da74c0eb,e27f083966348102,ok,UNDERVOLTAGE,2.0147082436193293,structure_unresolved,,13,1,49,0,81,1,8,True,True,templates,0,133,structure_unresolved
N00524,A,c92c6672d12f1331,8a25067595d3cc9e,ok,,0.0,initial_rejected,,0,0,0,0,0,0,0,False,False,not_started,0,1,initial_mixed_or_already_compliant
N00525,B,311f8cbb92816aa6,cf9b2fd8d8c226c5,ok,,0.0,initial_rejected,,0,0,0,0,0,0,0,False,False,not_started,0,1,initial_mixed_or_already_compliant
N00526,C,a6d9c666be5603ea,217a37fbae4b2fe9,ok,,0.0,initial_rejected,,0,0,0,0,0,0,0,False,False,not_started,0,1,initial_mixed_or_already_compliant
N00527,D,d901348652ce5ae3,cb6e693edb5770e8,ok,OVERVOLTAGE,0.5688089522924806,S4,S4,13,0,49,0,81,0,0,True,True,multistart_coordinate_pair_random,4,137,
N00528,A,40f502cdc1ae6896,108bb2225e708655,ok,UNDERVOLTAGE,1.167172989215443,structure_unresolved,,13,4,49,0,81,4,1,True,True,templates,0,133,structure_unresolved
N00529,B,ee6ae95bd4b2ca9e,cc3984f26c5d8fee,ok,UNDERVOLTAGE,3.541335266448233,structure_unresolved,,13,0,49,0,81,0,32,False,False,templates,0,132,structure_unresolved
N00530,C,b5f3ec44fca2b567,bd62369153defce5,ok,UNDERVOLTAGE,0.18733830270737017,S1,S1,13,4,49,6,81,15,0,True,True,templates,0,133,
N00531,D,b35e31baf8eb03fe,aea7eb0f24dd18ec,ok,UNDERVOLTAGE,1.7111594443376414,structure_unresolved,,13,2,49,0,81,3,6,True,True,templates,0,133,structure_unresolved
N00532,A,1a39f9cdd4b0910b,a45f499a0ff3c9a5,ok,OVERVOLTAGE,0.551346128196704,S3,S3,13,0,49,0,81,5,0,True,True,templates,0,133,
N00533,B,8d3829ee44c6a854,6779e39035328d8e,ok,OVERVOLTAGE,0.47310765167763846,S1,S1,13,3,49,0,81,8,0,True,True,templates,0,133,
N00534,C,33e1c707ccb5d884,add91d0c7ecf645c,ok,,0.0,initial_rejected,,0,0,0,0,0,0,0,False,False,not_started,0,1,initial_mixed_or_already_compliant
N00535,D,dbf609652c33a49e,cb6e693edb5770e8,ok,UNDERVOLTAGE,0.43715844467514064,S3,S3,13,0,49,0,81,2,0,True,True,templates,0,133,
N00536,A,4cd9da566cb29b20,d81f53a9eafd3e84,ok,UNDERVOLTAGE,1.302647261717278,structure_unresolved,,13,3,49,0,81,4,2,True,True,templates,0,133,structure_unresolved
N00537,B,adac926393397960,d0f31df0e604b288,ok,,0.0,initial_rejected,,0,0,0,0,0,0,0,False,False,not_started,0,1,initial_mixed_or_already_compliant
N00538,C,57d0affdf9c9f4d0,238dd528f6682751,ok,UNDERVOLTAGE,1.7203704083347808,structure_unresolved,,13,2,49,0,81,1,5,True,True,templates,0,133,structure_unresolved
N00539,D,ef6f4871e103f806,b46a3992e1cd46dd,ok,UNDERVOLTAGE,3.8952340126253793,structure_unresolved,,13,0,49,0,81,0,29,False,False,templates,0,132,structure_unresolved
N00540,A,bfad534dc567c744,2182a595b99b3e7f,ok,OVERVOLTAGE,0.17157870564248534,S1,S1,13,4,49,1,81,10,0,True,True,templates,0,133,
N00541,B,2525fa516e26dd40,afa5296e7296b915,ok,OVERVOLTAGE,0.13475161573204475,S2,S2,13,0,49,6,81,14,0,True,True,templates,0,133,
N00542,C,3be597b3b16d2cb5,d8abb7812855a74c,ok,,0.0,initial_rejected,,0,0,0,0,0,0,0,False,False,not_started,0,1,initial_mixed_or_already_compliant
N00543,D,ef6f4871e103f806,b46a3992e1cd46dd,ok,,2.5517792416737484,initial_rejected,,0,0,0,0,0,0,0,False,False,not_started,0,1,initial_mixed_or_already_compliant
N00544,A,752d79e3ce85cf45,9b7daaca4aadf3e9,ok,UNDERVOLTAGE,1.791578738551845,structure_unresolved,,13,1,49,0,81,1,3,True,True,templates,0,133,structure_unresolved
N00545,B,cd5b0169f70d3e90,6bef8bb9a92a84c5,ok,UNDERVOLTAGE,0.2375973820478684,S1,S1,13,3,49,3,81,10,0,True,True,templates,0,133,
N00546,C,b0a7010d3fa41275,d860c276467b0af5,ok,UNDERVOLTAGE,0.004658079161814599,S1,S1,13,3,49,22,81,10,0,True,True,templates,0,133,
N00547,D,c13049c7da74c0eb,e27f083966348102,ok,UNDERVOLTAGE,5.110276988949376,structure_unresolved,,13,0,49,0,81,0,50,False,False,templates,0,132,structure_unresolved
N00548,A,d75590ec2abf33d5,c1d752e73763f5f6,ok,,0.0,initial_rejected,,0,0,0,0,0,0,0,False,False,not_started,0,1,initial_mixed_or_already_compliant
N00549,B,857023e0f5382226,99bece0370ab2ed0,ok,,0.0,initial_rejected,,0,0,0,0,0,0,0,False,False,not_started,0,1,initial_mixed_or_already_compliant
N00550,C,53951bf21ab9115a,e65ba326ff403a6b,ok,UNDERVOLTAGE,0.3629281010249966,S4,S4,13,0,49,0,81,0,0,True,True,multistart_coordinate_pair_random,1,134,
N00551,D,ef6f4871e103f806,b46a3992e1cd46dd,ok,,0.06627456337818294,initial_rejected,,0,0,0,0,0,0,0,False,False,not_started,0,1,initial_mixed_or_already_compliant
N00552,A,9f9caf7d70368d0a,b73a1a3b7406a442,ok,UNDERVOLTAGE,0.04739324596249006,S1,S1,13,2,49,8,81,11,0,True,True,templates,0,133,
N00553,B,3565ed7448af8ba8,238eedf96f1c5fa4,ok,UNDERVOLTAGE,1.1392622651995432,S1,S1,13,3,49,0,81,3,0,True,True,templates,0,133,
N00554,C,f89a0378c16cf725,5b1f7549b2566656,ok,OVERVOLTAGE,0.1519395920248372,S2,S2,13,0,49,2,81,4,0,True,True,templates,0,133,
N00555,D,c63bfb66db5a68b5,b46a3992e1cd46dd,ok,UNDERVOLTAGE,0.9146374137657634,S1,S1,13,3,49,0,81,4,0,True,True,templates,0,133,
N00556,A,7dbc20e8d40d678b,e079c51e204d304b,ok,OVERVOLTAGE,1.7063546657578912,search_unresolved,,13,0,49,0,81,0,0,False,False,multistart_coordinate_pair_random,384,516,search_unresolved
N00557,B,ccf0adacd40e596b,6a7394801f46468a,ok,UNDERVOLTAGE,1.4852547476315225,structure_unresolved,,13,2,49,0,81,3,10,True,True,templates,0,133,structure_unresolved
N00558,C,b9e8befd85166b00,877d584147cc7480,ok,,0.0,initial_rejected,,0,0,0,0,0,0,0,False,False,not_started,0,1,initial_mixed_or_already_compliant
N00559,D,c13049c7da74c0eb,e27f083966348102,ok,UNDERVOLTAGE,1.9107031445760674,structure_unresolved,,13,1,49,0,81,1,6,True,True,templates,0,133,structure_unresolved
N00560,A,18c683610357c87d,891ce0f43b743a1e,ok,UNDERVOLTAGE,2.9595866697030435,structure_unresolved,,13,0,49,0,81,0,10,False,False,templates,0,132,structure_unresolved
N00561,B,29ffb43d6cfd061f,5cf23c380da330de,ok,UNDERVOLTAGE,0.5772227784979498,S1,S1,13,3,49,2,81,13,0,True,True,templates,0,133,
N00562,C,e248d449fd921f27,a1b78c8b9f388f51,ok,,0.20021301483045706,initial_rejected,,0,0,0,0,0,0,0,False,False,not_started,0,1,initial_mixed_or_already_compliant
N00563,D,f6e7f5bf180cd987,9bcc86a888b5a3ef,ok,OVERVOLTAGE,0.03354190696531423,S2,S2,13,0,49,3,81,8,0,True,True,templates,0,133,
N00564,A,38b8e7b4c86c0a39,3588dc7c25b57422,ok,OVERVOLTAGE,0.21958826861476632,S1,S1,13,2,49,5,81,9,0,True,True,templates,0,133,
N00565,B,a282c7defe4e8739,0afa5b5a02db850a,ok,UNDERVOLTAGE,3.070671669505034,structure_unresolved,,13,0,49,0,81,0,27,False,False,templates,0,132,structure_unresolved
N00566,C,67680ec2827dab05,8b7fa8cab21a8d3f,ok,,0.0,initial_rejected,,0,0,0,0,0,0,0,False,False,not_started,0,1,initial_mixed_or_already_compliant
N00567,D,61438915b7cc3440,9bcc86a888b5a3ef,ok,UNDERVOLTAGE,0.5265742485472011,S1,S1,13,2,49,2,81,7,0,True,True,templates,0,133,
N00568,A,d651856c3b9484c6,44eb18800f30cb67,ok,UNDERVOLTAGE,2.770183243902685,structure_unresolved,,13,0,49,0,81,0,16,False,False,templates,0,132,structure_unresolved
N00569,B,2f7c0a9c469fe82d,d1bb2bd10db3f330,ok,,0.0,initial_rejected,,0,0,0,0,0,0,0,False,False,not_started,0,1,initial_mixed_or_already_compliant
N00570,C,e78ffaf734bb5c54,c067cb1b5afa61fa,ok,OVERVOLTAGE,0.3435259652271012,S2,S2,13,0,49,1,81,5,0,True,True,templates,0,133,
N00571,D,8226941b88df09b0,cb6e693edb5770e8,ok,UNDERVOLTAGE,0.06967479102178153,S2,S2,13,0,49,2,81,8,0,True,True,templates,0,133,
N00572,A,2c5bbd41bfca6a54,e079c51e204d304b,ok,OVERVOLTAGE,1.0819312265586039,S1,S1,13,2,49,0,81,3,0,True,True,templates,0,133,
N00573,B,2d29de5aa854c818,1e7af21435ccc1be,ok,UNDERVOLTAGE,2.637652666088993,structure_unresolved,,13,0,49,0,81,0,10,False,False,templates,0,132,structure_unresolved
N00574,C,de19e6332ce23465,21d4440104e6be6f,ok,,0.0,initial_rejected,,0,0,0,0,0,0,0,False,False,not_started,0,1,initial_mixed_or_already_compliant
N00575,D,5c72d8dcb6346134,b46a3992e1cd46dd,ok,UNDERVOLTAGE,3.89917776214042,structure_unresolved,,13,0,49,0,81,0,30,False,False,templates,0,132,structure_unresolved
N00576,A,2bfec06e6628fcea,6e1af0e174aa3afc,ok,UNDERVOLTAGE,0.6964818221547661,S1,S1,13,3,49,0,81,8,0,True,True,templates,0,133,
N00577,B,e35cdc230a839b05,ac634021561f89db,ok,OVERVOLTAGE,0.3992490734269787,S2,S2,13,0,49,1,81,9,0,True,True,templates,0,133,
N00578,C,948100d743bc977f,b4909ffe2617f952,ok,UNDERVOLTAGE,0.6344274851576021,structure_unresolved,,13,0,49,0,81,2,3,True,True,templates,0,133,structure_unresolved
N00579,D,7ad2df91626782c8,b46a3992e1cd46dd,ok,UNDERVOLTAGE,4.139115810694555,structure_unresolved,,13,0,49,0,81,0,31,False,False,templates,0,132,structure_unresolved
N00580,A,3628e8573656ffd5,933adb4bd33cff44,ok,OVERVOLTAGE,0.9126152528560969,search_unresolved,,13,0,49,0,81,0,0,False,False,multistart_coordinate_pair_random,384,516,search_unresolved
N00581,B,b9dd1980750d17fe,511996b84e588197,ok,,0.0,initial_rejected,,0,0,0,0,0,0,0,False,False,not_started,0,1,initial_mixed_or_already_compliant
N00582,C,a9f785376bcde1f0,0c7e9ab44ae1bee9,ok,UNDERVOLTAGE,0.6763069145798359,structure_unresolved,,13,2,49,1,81,9,4,True,True,templates,0,133,structure_unresolved
N00583,D,c13049c7da74c0eb,e27f083966348102,ok,UNDERVOLTAGE,0.4034229683424998,S1,S1,13,3,49,0,81,11,0,True,True,templates,0,133,
N00584,A,ec18a85131ec71cc,789c7ac1d75ddcdc,ok,UNDERVOLTAGE,1.5785700355740304,structure_unresolved,,13,3,49,0,81,2,5,True,True,templates,0,133,structure_unresolved
N00585,B,7832d310bd40312a,b254ba903960bdd0,ok,UNDERVOLTAGE,1.4685584633536357,S1,S1,13,1,49,0,81,2,0,True,True,templates,0,133,
N00586,C,a56f397c16dd5188,2dbf7433798c8cf8,ok,OVERVOLTAGE,1.0677284737150168,search_unresolved,,13,0,49,0,81,0,0,False,False,multistart_coordinate_pair_random,384,516,search_unresolved
N00587,D,ef6f4871e103f806,b46a3992e1cd46dd,ok,UNDERVOLTAGE,3.609895420340417,structure_unresolved,,13,0,49,0,81,0,24,False,False,templates,0,132,structure_unresolved
N00588,A,d76f2da132724bb8,2df2abdcc5329aeb,ok,OVERVOLTAGE,0.6116508293574665,search_unresolved,,13,0,49,0,81,0,0,False,False,multistart_coordinate_pair_random,384,516,search_unresolved
N00589,B,b61e3d4e33cf8aeb,ee1cad51529378bc,ok,OVERVOLTAGE,0.47511504600037213,S1,S1,13,1,49,1,81,6,0,True,True,templates,0,133,
N00590,C,be3f757234d0dcb7,a7a23077094ede8d,ok,UNDERVOLTAGE,0.9608288364371335,search_unresolved,,13,0,49,0,81,0,0,False,False,multistart_coordinate_pair_random,384,516,search_unresolved
N00591,D,16f46ce9a57af5a2,cb6e693edb5770e8,ok,OVERVOLTAGE,0.29633398136705447,S2,S2,13,0,49,2,81,6,0,True,True,templates,0,133,
N00592,A,1f3c4095374980cc,4b26f63b0e88289f,ok,UNDERVOLTAGE,1.0917660925630355,S1,S1,13,3,49,0,81,4,0,True,True,templates,0,133,
N00593,B,f154e9c60ffd68ae,738bdabc860bdb54,ok,UNDERVOLTAGE,2.2148870937478162,structure_unresolved,,13,1,49,0,81,1,21,True,True,templates,0,133,structure_unresolved
N00594,C,718c44efb8ce5fb8,afe75ab3eb64fde3,ok,,0.0,initial_rejected,,0,0,0,0,0,0,0,False,False,not_started,0,1,initial_mixed_or_already_compliant
N00595,D,3901a1c0fccd9d72,cb6e693edb5770e8,ok,,0.5826365566309469,initial_rejected,,0,0,0,0,0,0,0,False,False,not_started,0,1,initial_mixed_or_already_compliant
N00596,A,4ac0add0c42d5ee4,26361fc9df94e6a2,ok,OVERVOLTAGE,1.5987634005946965,search_unresolved,,13,0,49,0,81,0,0,False,False,multistart_coordinate_pair_random,384,516,search_unresolved
N00597,B,bf2e742a8cd72d07,9b8e216784fcc888,ok,UNDERVOLTAGE,0.2719464260960093,S1,S1,13,4,49,0,81,9,0,True,True,templates,0,133,
N00598,C,30b40e2d6eca77b9,4386767b514524bf,ok,,0.07013770638393657,initial_rejected,,0,0,0,0,0,0,0,False,False,not_started,0,1,initial_mixed_or_already_compliant
N00599,D,e679120fc09619de,aea7eb0f24dd18ec,ok,UNDERVOLTAGE,1.161909421134141,S1,S1,13,3,49,0,81,6,0,True,True,templates,0,133,
N00600,A,eea9ee1133d10ba5,73a2731414974249,ok,UNDERVOLTAGE,0.5152356176492819,S1,S1,13,4,49,0,81,8,0,True,True,templates,0,133,
N00601,B,4f972a85229fe99d,606e11ea747211d6,ok,UNDERVOLTAGE,0.3046043511037675,S1,S1,13,4,49,2,81,13,0,True,True,templates,0,133,
N00602,C,80bb4afd3478ae38,5df8811b9074f0fd,ok,,0.0,initial_rejected,,0,0,0,0,0,0,0,False,False,not_started,0,1,initial_mixed_or_already_compliant
N00603,D,86d4074d8c0e3f22,cb6e693edb5770e8,ok,UNDERVOLTAGE,0.958298047994675,search_unresolved,,13,0,49,0,81,0,0,False,False,multistart_coordinate_pair_random,384,516,search_unresolved
N00604,A,68439b377c75ac7e,b441d851aea6a487,ok,,0.0,initial_rejected,,0,0,0,0,0,0,0,False,False,not_started,0,1,initial_mixed_or_already_compliant
N00605,B,17da671f3fd38e4c,0ae495e13353986b,ok,OVERVOLTAGE,0.1601229469370904,S2,S2,13,0,49,5,81,10,0,True,True,templates,0,133,
N00606,C,7595fe945dad93d7,99f8d38d820076fe,ok,UNDERVOLTAGE,1.2917806737199546,structure_unresolved,,13,3,49,0,81,4,2,True,True,templates,0,133,structure_unresolved
N00607,D,ef538931e0faa6ae,b46a3992e1cd46dd,ok,UNDERVOLTAGE,0.025111960552853585,S1,S1,13,3,49,16,81,14,0,True,True,templates,0,133,
N00608,A,0592259c7b3faa6d,6df8c677284b6f0e,ok,UNDERVOLTAGE,0.7831218801334981,S1,S1,13,3,49,0,81,7,0,True,True,templates,0,133,
N00609,B,7f1607d84ee1790d,8fa9989f8ed7ceb6,ok,UNDERVOLTAGE,0.7973521774840701,S1,S1,13,3,49,0,81,6,0,True,True,templates,0,133,
N00610,C,40fef400481b4e9a,cac003c0f7eee12b,ok,OVERVOLTAGE,0.31066683921681193,search_unresolved,,13,0,49,0,81,0,0,False,False,multistart_coordinate_pair_random,384,516,search_unresolved
N00611,D,c13049c7da74c0eb,e27f083966348102,ok,UNDERVOLTAGE,3.214773406208783,structure_unresolved,,13,0,49,0,81,0,20,False,False,templates,0,132,structure_unresolved
N00612,A,5762ca8ed4db6403,933adb4bd33cff44,ok,OVERVOLTAGE,0.7465879367754089,S3,S3,13,0,49,0,81,2,0,True,True,templates,0,133,
N00613,B,e84bd55168cbfd47,f1081c4fa8b685ad,ok,UNDERVOLTAGE,3.5316245384501026,structure_unresolved,,13,0,49,0,81,0,25,False,False,templates,0,132,structure_unresolved
N00614,C,e0227c57f409d467,b9089eb6e7537349,ok,UNDERVOLTAGE,1.222643921939107,S4,S4,13,0,49,0,81,0,0,True,True,multistart_coordinate_pair_random,2,135,
N00615,D,874df6c689cea019,aea7eb0f24dd18ec,ok,UNDERVOLTAGE,0.35794966377719817,S3,S3,13,0,49,0,81,4,0,True,True,templates,0,133,
N00616,A,7b57c0aefd6784f4,df0b4ab75fce6181,ok,UNDERVOLTAGE,0.8463796559396284,S1,S1,13,3,49,0,81,4,0,True,True,templates,0,133,
N00617,B,c17721c1c5ce13e2,5d92bbc60d7d0d6f,ok,,0.0,initial_rejected,,0,0,0,0,0,0,0,False,False,not_started,0,1,initial_mixed_or_already_compliant
N00618,C,93c8a6ae714e2b8d,b46b49bc23bc1458,ok,UNDERVOLTAGE,1.2238249588436825,S4,S4,13,0,49,0,81,0,0,True,True,multistart_coordinate_pair_random,27,160,
N00619,D,c13049c7da74c0eb,e27f083966348102,ok,UNDERVOLTAGE,1.0404345464117257,structure_unresolved,,13,3,49,0,81,4,2,True,True,templates,0,133,structure_unresolved
N00620,A,6e742bac2801704c,26361fc9df94e6a2,ok,OVERVOLTAGE,0.05743120756244724,S1,S1,13,3,49,11,81,17,0,True,True,templates,0,133,
N00621,B,4e5a265e2efadf98,690c2440f63d6908,ok,OVERVOLTAGE,0.0024321841653718312,S2,S2,13,0,49,11,81,11,0,True,True,templates,0,133,
N00622,C,d6e8a62479552909,1607416b2581ba3e,ok,UNDERVOLTAGE,0.18196273663219387,S1,S1,13,3,49,7,81,15,0,True,True,templates,0,133,
N00623,D,ef538931e0faa6ae,b46a3992e1cd46dd,ok,UNDERVOLTAGE,5.753817758380836,structure_unresolved,,13,0,49,0,81,0,48,False,False,templates,0,132,structure_unresolved
N00624,A,c846175d1289d133,0187e726cfdf4556,ok,UNDERVOLTAGE,0.8967866080446801,S1,S1,13,4,49,0,81,7,0,True,True,templates,0,133,
N00625,B,ca1ba4e3e8bdb09b,789047df493dd1a0,ok,UNDERVOLTAGE,0.2540316931425135,S1,S1,13,3,49,3,81,9,0,True,True,templates,0,133,
N00626,C,179dc8b411e8d5b6,18275bfa61b36a8a,ok,UNDERVOLTAGE,1.7284272087288004,structure_unresolved,,13,0,49,0,81,0,2,False,False,templates,0,132,structure_unresolved
N00627,D,3b261736b4c1b718,cb6e693edb5770e8,ok,,1.0024515014310547,initial_rejected,,0,0,0,0,0,0,0,False,False,not_started,0,1,initial_mixed_or_already_compliant
N00628,A,81bf59ae5bc0c911,3588dc7c25b57422,ok,OVERVOLTAGE,0.700354308262906,S3,S3,13,0,49,0,81,2,0,True,True,templates,0,133,
N00629,B,be8a840b6fbe1e1c,355ab14046f29b7d,ok,OVERVOLTAGE,0.8891208955523782,search_unresolved,,13,0,49,0,81,0,0,False,False,multistart_coordinate_pair_random,384,516,search_unresolved
N00630,C,545fcece34f4448b,ec7693bdaa5a4cfd,ok,OVERVOLTAGE,0.0037565824776366608,S2,S2,13,0,49,3,81,6,0,True,True,templates,0,133,
N00631,D,6c7510bee13540f7,9bcc86a888b5a3ef,ok,,0.34023566156109575,initial_rejected,,0,0,0,0,0,0,0,False,False,not_started,0,1,initial_mixed_or_already_compliant
N00632,A,e6f7ea828a4e8567,394f7a18c9fe5798,ok,UNDERVOLTAGE,1.9563506340959378,structure_unresolved,,13,1,49,0,81,1,4,True,True,templates,0,133,structure_unresolved
N00633,B,9b82aefbdfbce537,22b403b20461d0da,ok,UNDERVOLTAGE,0.007158624908071065,S1,S1,13,3,49,21,81,12,0,True,True,templates,0,133,
N00634,C,1726b2df80e9b2cb,67113ec8b6d3075a,ok,,0.8374719593585049,initial_rejected,,0,0,0,0,0,0,0,False,False,not_started,0,1,initial_mixed_or_already_compliant
N00635,D,8131fcaaf0349d74,cb6e693edb5770e8,ok,UNDERVOLTAGE,0.9285757779238698,search_unresolved,,13,0,49,0,81,0,0,False,False,multistart_coordinate_pair_random,384,516,search_unresolved
N00636,A,3f02ea0f2ad64bc2,2df2abdcc5329aeb,ok,OVERVOLTAGE,0.17211107534051062,S2,S2,13,0,49,1,81,5,0,True,True,templates,0,133,
N00637,B,9a80d7183beaf6ac,4a74f9d7e342c43d,ok,OVERVOLTAGE,0.3148511758412713,S1,S1,13,3,49,2,81,14,0,True,True,templates,0,133,
N00638,C,5e6311e2d92b8d97,2e0ac7e03ccb345a,ok,UNDERVOLTAGE,0.4763120841866969,S1,S1,13,4,49,0,81,9,0,True,True,templates,0,133,
N00639,D,5c72d8dcb6346134,b46a3992e1cd46dd,ok,UNDERVOLTAGE,1.1041726802291487,structure_unresolved,,13,3,49,0,81,4,1,True,True,templates,0,133,structure_unresolved
N00640,A,14d6b7922c39adf1,62ff35d87fa2be94,ok,UNDERVOLTAGE,1.18049452763044,structure_unresolved,,13,3,49,0,81,3,3,True,True,templates,0,133,structure_unresolved
N00641,B,7ec014b636dc8a3b,5b585708dc867031,ok,UNDERVOLTAGE,0.532452051133873,S1,S1,13,2,49,0,81,6,0,True,True,templates,0,133,
N00642,C,6fc54851d117e34e,d6215b80d531e22e,ok,UNDERVOLTAGE,0.3338713485828537,S1,S1,13,3,49,1,81,10,0,True,True,templates,0,133,
N00643,D,cd0802d809b52503,cb6e693edb5770e8,ok,UNDERVOLTAGE,0.20145454595463796,S2,S2,13,0,49,1,81,3,0,True,True,templates,0,133,
N00644,A,21abe9032f68caff,3a8b4fc73190d617,ok,,0.0,initial_rejected,,0,0,0,0,0,0,0,False,False,not_started,0,1,initial_mixed_or_already_compliant
N00645,B,89261d5082acf1a9,f98d8d0c5b75033d,ok,UNDERVOLTAGE,0.1484413362415713,S1,S1,13,1,49,3,81,8,0,True,True,templates,0,133,
N00646,C,024f59a84a36d91f,aed6de62b68ff31e,ok,UNDERVOLTAGE,1.9278087325807227,structure_unresolved,,13,1,49,0,81,2,13,True,True,templates,0,133,structure_unresolved
N00647,D,874df6c689cea019,aea7eb0f24dd18ec,ok,UNDERVOLTAGE,1.266049480780703,structure_unresolved,,13,0,49,0,81,2,1,True,True,templates,0,133,structure_unresolved
N00648,A,2f634d2d74e8ba48,9fb488e00e2ad574,ok,UNDERVOLTAGE,2.3609511129817786,structure_unresolved,,13,0,49,0,81,0,8,False,False,templates,0,132,structure_unresolved
N00649,B,b4084a7ce77b83cb,56650efe94d3d580,ok,,0.0,initial_rejected,,0,0,0,0,0,0,0,False,False,not_started,0,1,initial_mixed_or_already_compliant
N00650,C,1bcf1e5d9792eec8,4215743293ff8ab9,ok,OVERVOLTAGE,0.48144020654423225,search_unresolved,,13,0,49,0,81,0,0,False,False,multistart_coordinate_pair_random,384,516,search_unresolved
N00651,D,e0a9245c1b44864d,aea7eb0f24dd18ec,ok,UNDERVOLTAGE,5.147290985987902,structure_unresolved,,13,0,49,0,81,0,45,False,False,templates,0,132,structure_unresolved
N00652,A,ce045a2acdafea38,ee178edbac927e52,ok,OVERVOLTAGE,1.416052475972855,search_unresolved,,13,0,49,0,81,0,0,False,False,multistart_coordinate_pair_random,384,516,search_unresolved
N00653,B,12f66ca383634c27,4d9d98fa5b966618,ok,OVERVOLTAGE,0.6257282449866997,S1,S1,13,4,49,0,81,8,0,True,True,templates,0,133,
N00654,C,65b3d3bcf2f7b0c8,8cc47261a13275ba,ok,,0.0,initial_rejected,,0,0,0,0,0,0,0,False,False,not_started,0,1,initial_mixed_or_already_compliant
N00655,D,874df6c689cea019,aea7eb0f24dd18ec,ok,UNDERVOLTAGE,2.7186917512942803,structure_unresolved,,13,0,49,0,81,0,20,False,False,templates,0,132,structure_unresolved
N00656,A,1e9ef9a074eaa309,558a7dc61c3f0791,ok,UNDERVOLTAGE,0.976773357365095,S1,S1,13,2,49,0,81,5,0,True,True,templates,0,133,
N00657,B,4dc57e58d989ce79,02a2c1064e53e384,ok,,0.0,initial_rejected,,0,0,0,0,0,0,0,False,False,not_started,0,1,initial_mixed_or_already_compliant
N00658,C,9e4732587b5b7df6,a6beb55e00b8a177,ok,UNDERVOLTAGE,0.1294617785332296,S1,S1,13,4,49,8,81,16,0,True,True,templates,0,133,
N00659,D,874df6c689cea019,aea7eb0f24dd18ec,ok,,0.12158673917544527,initial_rejected,,0,0,0,0,0,0,0,False,False,not_started,0,1,initial_mixed_or_already_compliant
N00660,A,515b6348fe50e072,2182a595b99b3e7f,ok,OVERVOLTAGE,0.9289982299187864,S1,S1,13,1,49,0,81,3,0,True,True,templates,0,133,
N00661,B,ff9e27553c5de51b,b56e1d9714ceb6c1,ok,UNDERVOLTAGE,0.6558905019069163,structure_unresolved,,13,3,49,1,81,6,2,True,True,templates,0,133,structure_unresolved
N00662,C,299709a0164aed9d,90a9abaea6cfdcfb,ok,UNDERVOLTAGE,0.03566361472310131,S1,S1,13,1,49,9,81,7,0,True,True,templates,0,133,
N00663,D,7ad2df91626782c8,b46a3992e1cd46dd,ok,UNDERVOLTAGE,5.7810815717159985,structure_unresolved,,13,0,49,0,81,0,51,False,False,templates,0,132,structure_unresolved
N00664,A,3dfae9ae90d3f10b,ddc8027da684ded2,ok,UNDERVOLTAGE,0.600838745475959,S1,S1,13,4,49,0,81,7,0,True,True,templates,0,133,
N00665,B,7470f6faa9cfcc5a,029ab32c2f100f6b,ok,UNDERVOLTAGE,2.754557966772489,structure_unresolved,,13,0,49,0,81,0,13,False,False,templates,0,132,structure_unresolved
N00666,C,950a51a391c1234b,0b95a7d40dc6920b,ok,,0.0,initial_rejected,,0,0,0,0,0,0,0,False,False,not_started,0,1,initial_mixed_or_already_compliant
N00667,D,e0a9245c1b44864d,aea7eb0f24dd18ec,ok,UNDERVOLTAGE,0.9510925363785545,S1,S1,13,2,49,0,81,6,0,True,True,templates,0,133,
N00668,A,c81738810d8456e1,29f79c4bd2f29966,ok,OVERVOLTAGE,0.9093632551947513,search_unresolved,,13,0,49,0,81,0,0,False,False,multistart_coordinate_pair_random,384,516,search_unresolved
N00669,B,df90486a24fc6de5,f4e36d31e6b922bc,ok,UNDERVOLTAGE,0.07710751474719613,S1,S1,13,2,49,6,81,12,0,True,True,templates,0,133,
N00670,C,f7de2671bf2cd75c,ef904263cbe82d91,ok,UNDERVOLTAGE,1.217509171002005,search_unresolved,,13,0,49,0,81,0,0,False,False,multistart_coordinate_pair_random,384,516,search_unresolved
N00671,D,01ff45a6c879ce30,9bcc86a888b5a3ef,ok,UNDERVOLTAGE,1.1454659732924322,structure_unresolved,,13,3,49,0,81,3,4,True,True,templates,0,133,structure_unresolved
N00672,A,bee79387a99cc5ae,69ae45bb39a7b394,ok,UNDERVOLTAGE,1.4453740845155276,structure_unresolved,,13,3,49,0,81,4,5,True,True,templates,0,133,structure_unresolved
N00673,B,27b6bd18d2069d53,eb0669d513742f76,ok,UNDERVOLTAGE,0.10953243080189234,S1,S1,13,4,49,10,81,11,0,True,True,templates,0,133,
N00674,C,f90dd1a8cd04c603,d640d6d2de595640,ok,UNDERVOLTAGE,0.542938179960099,S1,S1,13,3,49,2,81,11,0,True,True,templates,0,133,
N00675,D,389fb5ec078cbf41,9bcc86a888b5a3ef,ok,OVERVOLTAGE,0.7513514207344532,search_unresolved,,13,0,49,0,81,0,0,False,False,multistart_coordinate_pair_random,384,516,search_unresolved
N00676,A,46ff290d1528cb86,e079c51e204d304b,ok,OVERVOLTAGE,0.9158005503557283,S1,S1,13,1,49,0,81,4,0,True,True,templates,0,133,
N00677,B,3057d75945695038,e14c6f1a13d8f6ae,ok,,0.0,initial_rejected,,0,0,0,0,0,0,0,False,False,not_started,0,1,initial_mixed_or_already_compliant
N00678,C,6ac4beaa425bb7ab,2aeb9ba66815f015,ok,UNDERVOLTAGE,0.06826906642660102,S2,S2,13,0,49,2,81,6,0,True,True,templates,0,133,
N00679,D,da7b36fbf1f78b03,aea7eb0f24dd18ec,ok,,0.0,initial_rejected,,0,0,0,0,0,0,0,False,False,not_started,0,1,initial_mixed_or_already_compliant
N00680,A,56824e7ee12961f7,e2eb8598f1fdb26e,ok,UNDERVOLTAGE,0.26706793382644445,S1,S1,13,3,49,6,81,12,0,True,True,templates,0,133,
N00681,B,e03fd4f10d7f888e,d5b6c4291dec004b,ok,,0.0,initial_rejected,,0,0,0,0,0,0,0,False,False,not_started,0,1,initial_mixed_or_already_compliant
N00682,C,fb21b5b6fa9b5fd5,d88571476419193d,ok,OVERVOLTAGE,1.0148869979427748,search_unresolved,,13,0,49,0,81,0,0,False,False,multistart_coordinate_pair_random,384,516,search_unresolved
N00683,D,874df6c689cea019,aea7eb0f24dd18ec,ok,,0.3844266174339802,initial_rejected,,0,0,0,0,0,0,0,False,False,not_started,0,1,initial_mixed_or_already_compliant
N00684,A,241fd4ca60595fa0,e079c51e204d304b,ok,OVERVOLTAGE,0.03359311605805804,S1,S1,13,3,49,13,81,14,0,True,True,templates,0,133,
N00685,B,4a890e2b2ba076d2,f84c061474a7a82d,ok,OVERVOLTAGE,0.5353045128780403,S3,S3,13,0,49,0,81,5,0,True,True,templates,0,133,
N00686,C,87d07fd842d1b6a1,4386767b514524bf,ok,UNDERVOLTAGE,0.44176262826875057,S1,S1,13,3,49,0,81,9,0,True,True,templates,0,133,
N00687,D,65b82ccd114db382,b46a3992e1cd46dd,ok,UNDERVOLTAGE,4.636931951382153,structure_unresolved,,13,0,49,0,81,0,36,False,False,templates,0,132,structure_unresolved
N00688,A,3c6b5883e62251c9,8d1e6ad560a3f457,ok,UNDERVOLTAGE,1.531172510670638,structure_unresolved,,13,1,49,0,81,2,3,True,True,templates,0,133,structure_unresolved
N00689,B,863a8bf5db7b861f,44894db1313aa34f,ok,,0.0,initial_rejected,,0,0,0,0,0,0,0,False,False,not_started,0,1,initial_mixed_or_already_compliant
N00690,C,50d0a5d8032388f4,d8f9ac0caf267a98,ok,UNDERVOLTAGE,0.48498022331188106,S3,S3,13,0,49,0,81,2,0,True,True,templates,0,133,
N00691,D,c13049c7da74c0eb,e27f083966348102,ok,,0.0,initial_rejected,,0,0,0,0,0,0,0,False,False,not_started,0,1,initial_mixed_or_already_compliant
N00692,A,85fd74231da65700,8a25067595d3cc9e,ok,OVERVOLTAGE,0.373819012384611,S1,S1,13,1,49,2,81,7,0,True,True,templates,0,133,
N00693,B,5cb15d3a8f8c2da4,26a96979492c778b,ok,OVERVOLTAGE,0.07792906939842892,S1,S1,13,1,49,7,81,15,0,True,True,templates,0,133,
N00694,C,a4292e31c0bc9023,7d8e5ffa08025ba9,ok,UNDERVOLTAGE,0.10576782218966685,S1,S1,13,1,49,6,81,12,0,True,True,templates,0,133,
N00695,D,7ad2df91626782c8,b46a3992e1cd46dd,ok,UNDERVOLTAGE,2.8685407569630477,structure_unresolved,,13,0,49,0,81,0,18,False,False,templates,0,132,structure_unresolved
N00696,A,239658dd7876ef7e,bf11c4c13811c4cd,ok,UNDERVOLTAGE,1.3578979821259214,structure_unresolved,,13,3,49,0,81,4,3,True,True,templates,0,133,structure_unresolved
N00697,B,fdd2cb7e5aaddd2c,732874127af7c1e2,ok,OVERVOLTAGE,1.3939594699582196,search_unresolved,,13,0,49,0,81,0,0,False,False,multistart_coordinate_pair_random,384,516,search_unresolved
N00698,C,307ad9b3b73e0748,041c2feadd2266ff,ok,UNDERVOLTAGE,0.46815208242295314,S1,S1,13,3,49,3,81,11,0,True,True,templates,0,133,
N00699,D,c13049c7da74c0eb,e27f083966348102,ok,UNDERVOLTAGE,0.4889026040207204,S1,S1,13,4,49,0,81,9,0,True,True,templates,0,133,
N00700,A,5f7f6e82cce5f814,26361fc9df94e6a2,ok,OVERVOLTAGE,0.9838948533308505,search_unresolved,,13,0,49,0,81,0,0,False,False,multistart_coordinate_pair_random,384,516,search_unresolved
N00701,B,3fdae7bbaa660a15,3206ae018688288c,ok,UNDERVOLTAGE,1.4905134624116654,search_unresolved,,13,0,49,0,81,0,0,False,False,multistart_coordinate_pair_random,384,516,search_unresolved
N00702,C,26a9b35243058128,461d9603bf3c4874,ok,OVERVOLTAGE,0.1944911361857704,S2,S2,13,0,49,5,81,12,0,True,True,templates,0,133,
N00703,D,c8c161619eac5984,9bcc86a888b5a3ef,ok,UNDERVOLTAGE,0.7379537025538396,structure_unresolved,,13,0,49,0,81,2,7,True,True,templates,0,133,structure_unresolved
N00704,A,63399f8a3bb840e4,5d61219530011ab2,ok,UNDERVOLTAGE,1.726807360791076,structure_unresolved,,13,0,49,0,81,0,2,False,False,templates,0,132,structure_unresolved
N00705,B,d56ac887ba87c842,d2a313dfbbc0071a,ok,UNDERVOLTAGE,0.2903147872186581,S1,S1,13,2,49,2,81,9,0,True,True,templates,0,133,
N00706,C,e7854eb81328aa5f,276383523de5b160,ok,UNDERVOLTAGE,1.7635765189489983,structure_unresolved,,13,2,49,0,81,3,13,True,True,templates,0,133,structure_unresolved
N00707,D,03d4414b650e7fd1,cb6e693edb5770e8,ok,UNDERVOLTAGE,0.21089183175021553,S2,S2,13,0,49,2,81,3,0,True,True,templates,0,133,
N00708,A,ba3c92d26302b14d,15a1090697750f24,ok,OVERVOLTAGE,0.007669578187893933,S2,S2,13,0,49,10,81,12,0,True,True,templates,0,133,
N00709,B,df27edcc36b15086,af2923d783a8eec7,ok,,0.0,initial_rejected,,0,0,0,0,0,0,0,False,False,not_started,0,1,initial_mixed_or_already_compliant
N00710,C,42f7fc0c9081a9cb,eff2169422482ce6,ok,OVERVOLTAGE,0.5403270020865578,search_unresolved,,13,0,49,0,81,0,0,False,False,multistart_coordinate_pair_random,384,516,search_unresolved
N00711,D,ef6f4871e103f806,b46a3992e1cd46dd,ok,,0.11931811545703674,initial_rejected,,0,0,0,0,0,0,0,False,False,not_started,0,1,initial_mixed_or_already_compliant
N00712,A,bcc5d1e5723c30cd,7fc16af273fc8d39,ok,UNDERVOLTAGE,0.3466897902625954,S1,S1,13,3,49,0,81,11,0,True,True,templates,0,133,
N00713,B,85b463f4852ea7a5,2ccd22a2930c429b,ok,OVERVOLTAGE,0.9629414152469196,search_unresolved,,13,0,49,0,81,0,0,False,False,multistart_coordinate_pair_random+full_grid_scan,384,28562,search_unresolved
N00714,C,9b46bde98d8e6a5f,55713a7e5726d95f,ok,UNDERVOLTAGE,0.1861747530570118,S1,S1,13,1,49,3,81,6,0,True,True,templates,0,133,
N00715,D,c13049c7da74c0eb,e27f083966348102,ok,UNDERVOLTAGE,1.7963659806421806,structure_unresolved,,13,1,49,0,81,2,6,True,True,templates,0,133,structure_unresolved
N00716,A,7153f4a9282b4f9d,a45f499a0ff3c9a5,ok,OVERVOLTAGE,0.4733768376422629,S2,S2,13,0,49,1,81,8,0,True,True,templates,0,133,
N00717,B,622055d2e52b63d3,1d973f582f0501f4,ok,OVERVOLTAGE,0.083969443410433,S1,S1,13,3,49,9,81,11,0,True,True,templates,0,133,
N00718,C,113fab91aa7f8d96,df9b7773bb11a300,ok,UNDERVOLTAGE,0.11446316351572094,S2,S2,13,0,49,4,81,7,0,True,True,templates,0,133,
N00719,D,da7b36fbf1f78b03,aea7eb0f24dd18ec,ok,UNDERVOLTAGE,2.5729721655363758,structure_unresolved,,13,0,49,0,81,0,12,False,False,templates,0,132,structure_unresolved
N00720,A,79d52c41df93262a,88450a7aa21c276f,ok,UNDERVOLTAGE,0.2913729110630032,S1,S1,13,2,49,3,81,6,0,True,True,templates,0,133,
N00721,B,c87390e8bbc44844,0d1091e147f2e5ac,ok,OVERVOLTAGE,0.4219429627578306,S1,S1,13,2,49,0,81,6,0,True,True,templates,0,133,
N00722,C,cfcce8860e7a2b0d,8e9c18830293fb88,ok,,0.08216834609977208,initial_rejected,,0,0,0,0,0,0,0,False,False,not_started,0,1,initial_mixed_or_already_compliant
N00723,D,c13049c7da74c0eb,e27f083966348102,ok,UNDERVOLTAGE,0.28381580293829434,S1,S1,13,3,49,0,81,11,0,True,True,templates,0,133,
N00724,A,51bb2e06e1ac6bf0,b441d851aea6a487,ok,,0.0,initial_rejected,,0,0,0,0,0,0,0,False,False,not_started,0,1,initial_mixed_or_already_compliant
N00725,B,c711b0f04b153ad5,6cea34dacd3fba88,ok,,0.0,initial_rejected,,0,0,0,0,0,0,0,False,False,not_started,0,1,initial_mixed_or_already_compliant
N00726,C,24cc69dce3462e61,e494af28d5f52484,ok,UNDERVOLTAGE,0.27630881794922024,S1,S1,13,3,49,1,81,10,0,True,True,templates,0,133,
N00727,D,c13049c7da74c0eb,e27f083966348102,ok,UNDERVOLTAGE,1.1928858287292785,structure_unresolved,,13,3,49,0,81,4,3,True,True,templates,0,133,structure_unresolved
N00728,A,4cd4a643fcbf0e6b,3f5944a94e1eae09,ok,UNDERVOLTAGE,0.020910335942783798,S1,S1,13,2,49,13,81,11,0,True,True,templates,0,133,
N00729,B,fdb7c5913021a2d4,90c292ada393689b,ok,UNDERVOLTAGE,0.08349198141060032,S1,S1,13,4,49,11,81,15,0,True,True,templates,0,133,
N00730,C,6082404c60f5a5eb,5bacf164eb76ec49,ok,OVERVOLTAGE,1.7266175597638098,search_unresolved,,13,0,49,0,81,0,0,False,False,multistart_coordinate_pair_random,384,516,search_unresolved
N00731,D,c13049c7da74c0eb,e27f083966348102,ok,,0.0,initial_rejected,,0,0,0,0,0,0,0,False,False,not_started,0,1,initial_mixed_or_already_compliant
N00732,A,68d8ae97498b09a1,2182a595b99b3e7f,ok,OVERVOLTAGE,0.32815388897147124,S3,S3,13,0,49,0,81,3,0,True,True,templates,0,133,
N00733,B,dd164c36cb6a323e,1a13bb921a8a6c2a,ok,,0.0,initial_rejected,,0,0,0,0,0,0,0,False,False,not_started,0,1,initial_mixed_or_already_compliant
N00734,C,e6b91c22d2e5dbfc,461d9603bf3c4874,ok,UNDERVOLTAGE,1.8254438280877845,structure_unresolved,,13,0,49,0,81,0,3,False,False,templates,0,132,structure_unresolved
N00735,D,d602a71510f7700c,cb6e693edb5770e8,ok,UNDERVOLTAGE,0.4764970811607747,search_unresolved,,13,0,49,0,81,0,0,False,False,multistart_coordinate_pair_random,384,516,search_unresolved
N00736,A,239658dd7876ef7e,bf11c4c13811c4cd,ok,UNDERVOLTAGE,1.3038269944755914,S1,S1,13,2,49,0,81,3,0,True,True,templates,0,133,
N00737,B,65c9aaaa2a159442,66096bc2f9ba6065,ok,UNDERVOLTAGE,0.0072310336044030254,S1,S1,13,2,49,19,81,12,0,True,True,templates,0,133,
N00738,C,a10cff768f23db00,2f06a65abc15b6f3,ok,UNDERVOLTAGE,0.3690558876072161,S1,S1,13,3,49,0,81,9,0,True,True,templates,0,133,
N00739,D,e0a9245c1b44864d,aea7eb0f24dd18ec,ok,UNDERVOLTAGE,2.3294068774401087,structure_unresolved,,13,0,49,0,81,0,13,False,False,templates,0,132,structure_unresolved
N00740,A,712b864abcc82c1e,29f79c4bd2f29966,ok,OVERVOLTAGE,0.8794682890021066,S1,S1,13,2,49,0,81,2,0,True,True,templates,0,133,
N00741,B,b109205e36219d34,8f66b2469ed9a4bf,ok,OVERVOLTAGE,0.6034232279934322,S1,S1,13,1,49,0,81,5,0,True,True,templates,0,133,
N00742,C,9c9c92ec0a2a0302,cfa840de030887a5,ok,,0.0,initial_rejected,,0,0,0,0,0,0,0,False,False,not_started,0,1,initial_mixed_or_already_compliant
N00743,D,da7b36fbf1f78b03,aea7eb0f24dd18ec,ok,UNDERVOLTAGE,2.8020817328886283,structure_unresolved,,13,0,49,0,81,0,15,False,False,templates,0,132,structure_unresolved
N00744,A,01f9a915ff7a6715,9b5f0247395fb042,ok,UNDERVOLTAGE,2.005238006938606,structure_unresolved,,13,0,49,0,81,0,3,False,False,templates,0,132,structure_unresolved
N00745,B,a416acbf6ec8c442,2c2ddf56007814bb,ok,UNDERVOLTAGE,0.3713938170780796,S1,S1,13,1,49,0,81,3,0,True,True,templates,0,133,
N00746,C,423a9df023fc3f12,73605431ded9e539,ok,,0.0,initial_rejected,,0,0,0,0,0,0,0,False,False,not_started,0,1,initial_mixed_or_already_compliant
N00747,D,14af1291ace266fa,aea7eb0f24dd18ec,ok,UNDERVOLTAGE,2.883220536594142,structure_unresolved,,13,0,49,0,81,0,17,False,False,templates,0,132,structure_unresolved
N00748,A,746ad38a699e475b,95f033fe1feed7bb,ok,OVERVOLTAGE,0.08395080110454378,S2,S2,13,0,49,3,81,8,0,True,True,templates,0,133,
N00749,B,7a786f15ac283dbc,4a9175ce1f15b28c,ok,OVERVOLTAGE,0.40229492261506117,S1,S1,13,1,49,1,81,8,0,True,True,templates,0,133,
N00750,C,aff649f6921d6ba5,7fa5ad7091bb7629,ok,OVERVOLTAGE,0.4344442869566838,search_unresolved,,13,0,49,0,81,0,0,False,False,multistart_coordinate_pair_random,384,516,search_unresolved
N00751,D,ef538931e0faa6ae,b46a3992e1cd46dd,ok,,3.7348337168094035,initial_rejected,,0,0,0,0,0,0,0,False,False,not_started,0,1,initial_mixed_or_already_compliant
N00752,A,ec4829eda855bc22,0cfc6a6abc0fa856,ok,UNDERVOLTAGE,0.9650727228808845,S1,S1,13,2,49,0,81,4,0,True,True,templates,0,133,
N00753,B,6c0170d05c4a5ab4,61fa2c9378bc8901,ok,UNDERVOLTAGE,0.7191540140744478,S1,S1,13,3,49,0,81,4,0,True,True,templates,0,133,
N00754,C,55e84748d1f5fcb9,8e29fa4a84958a1d,ok,UNDERVOLTAGE,0.7114992420812719,S1,S1,13,3,49,0,81,7,0,True,True,templates,0,133,
N00755,D,8bb39694d6757ae1,cb6e693edb5770e8,ok,UNDERVOLTAGE,0.4639438834238898,search_unresolved,,13,0,49,0,81,0,0,False,False,multistart_coordinate_pair_random,384,516,search_unresolved
N00756,A,e7363b67a057a5a9,3a8b4fc73190d617,ok,OVERVOLTAGE,0.036425064593008205,S1,S1,13,1,49,7,81,12,0,True,True,templates,0,133,
N00757,B,84ad72809b364dc5,93c0937550d3d73e,ok,,0.45467537263880387,initial_rejected,,0,0,0,0,0,0,0,False,False,not_started,0,1,initial_mixed_or_already_compliant
N00758,C,a3d45878ed5428dd,76b8a70ba9bb915c,ok,UNDERVOLTAGE,0.3767770197633662,S1,S1,13,2,49,0,81,7,0,True,True,templates,0,133,
N00759,D,c13049c7da74c0eb,e27f083966348102,ok,UNDERVOLTAGE,0.21915717637481225,S1,S1,13,3,49,2,81,9,0,True,True,templates,0,133,
N00760,A,9d1e823476b96e07,9bf026dcf1d676c5,ok,UNDERVOLTAGE,0.13089943860568154,S1,S1,13,4,49,8,81,10,0,True,True,templates,0,133,
N00761,B,195be97a9abf1a2a,91c033c9b452562d,ok,OVERVOLTAGE,0.7720919253246847,S1,S1,13,2,49,0,81,3,0,True,True,templates,0,133,
N00762,C,fa3ada308add9ce3,5eb5d206ba4ad2db,ok,UNDERVOLTAGE,0.6376214543848192,S1,S1,13,4,49,0,81,10,0,True,True,templates,0,133,
N00763,D,56f1e617c963c53a,cb6e693edb5770e8,ok,OVERVOLTAGE,0.28826153376306385,S2,S2,13,0,49,3,81,7,0,True,True,templates,0,133,
N00764,A,00458fc9de882e6d,ee178edbac927e52,ok,OVERVOLTAGE,0.0828308753605278,search_unresolved,,13,0,49,0,81,0,0,False,False,multistart_coordinate_pair_random,384,516,search_unresolved
N00765,B,a40af1397f1be54a,5c398d1a233ff650,ok,UNDERVOLTAGE,0.8711884439283366,S1,S1,13,3,49,0,81,5,0,True,True,templates,0,133,
N00766,C,e3e18e58d29202f5,276383523de5b160,ok,UNDERVOLTAGE,0.16057562740985876,S1,S1,13,4,49,8,81,16,0,True,True,templates,0,133,
N00767,D,ed90a813287f327e,9bcc86a888b5a3ef,ok,UNDERVOLTAGE,0.39826947373557664,S1,S1,13,4,49,3,81,11,0,True,True,templates,0,133,
N00768,A,29f9a9678693d964,59433f727c06b633,ok,UNDERVOLTAGE,0.7808264235118586,S1,S1,13,2,49,0,81,5,0,True,True,templates,0,133,
N00769,B,d35e45bc1ac319ef,204c5b2a102a00c0,ok,OVERVOLTAGE,0.032213401803277586,S3,S3,13,0,49,0,81,10,0,True,True,templates,0,133,
N00770,C,92d3bcbaab7c70c9,a4aaac738fb45ad0,ok,,0.31507461323278263,initial_rejected,,0,0,0,0,0,0,0,False,False,not_started,0,1,initial_mixed_or_already_compliant
N00771,D,9a1f0e3e58b0ccf4,b46a3992e1cd46dd,ok,UNDERVOLTAGE,0.22475279235131562,S1,S1,13,4,49,2,81,13,0,True,True,templates,0,133,
N00772,A,8c4543029bdfd83c,b441d851aea6a487,ok,,0.0,initial_rejected,,0,0,0,0,0,0,0,False,False,not_started,0,1,initial_mixed_or_already_compliant
N00773,B,3c19b6791242289d,84ea5f537194e0d0,ok,,1.426576051333972,initial_rejected,,0,0,0,0,0,0,0,False,False,not_started,0,1,initial_mixed_or_already_compliant
N00774,C,ae9323b7c99da1c9,cfa840de030887a5,ok,,0.24691075772326299,initial_rejected,,0,0,0,0,0,0,0,False,False,not_started,0,1,initial_mixed_or_already_compliant
N00775,D,5c72d8dcb6346134,b46a3992e1cd46dd,ok,UNDERVOLTAGE,0.00910557804143508,S1,S1,13,3,49,22,81,16,0,True,True,templates,0,133,
N00776,A,9ee89b42c0dff4c8,5494bd80fa96308f,ok,UNDERVOLTAGE,2.124455118606799,structure_unresolved,,13,0,49,0,81,0,4,False,False,templates,0,132,structure_unresolved
N00777,B,331822867a9ea394,b6d624d935681b5d,ok,OVERVOLTAGE,0.6194348812837573,search_unresolved,,13,0,49,0,81,0,0,False,False,multistart_coordinate_pair_random,384,516,search_unresolved
N00778,C,e6bc8858c38dce4c,035da56bded9f486,ok,UNDERVOLTAGE,0.671039196638115,S1,S1,13,3,49,0,81,7,0,True,True,templates,0,133,
N00779,D,c13049c7da74c0eb,e27f083966348102,ok,UNDERVOLTAGE,3.992862410688937,structure_unresolved,,13,0,49,0,81,0,34,False,False,templates,0,132,structure_unresolved
N00780,A,d0c3b5d78804b9ea,26361fc9df94e6a2,ok,OVERVOLTAGE,0.6048633698021877,search_unresolved,,13,0,49,0,81,0,0,False,False,multistart_coordinate_pair_random,384,516,search_unresolved
N00781,B,94d250f3adfcb38d,602d76ad4727bf3b,ok,UNDERVOLTAGE,1.1192874558955497,S1,S1,13,1,49,0,81,0,0,True,True,templates,0,133,
N00782,C,a7b1a3d7f7d1ea29,64909c04cf19167c,ok,UNDERVOLTAGE,0.9299334114416269,S1,S1,13,1,49,0,81,5,0,True,True,templates,0,133,
N00783,D,9acfe73c8bc54711,b46a3992e1cd46dd,ok,UNDERVOLTAGE,0.5535979431036508,S1,S1,13,4,49,0,81,9,0,True,True,templates,0,133,
N00784,A,1522438cf636462d,da08681860057b0c,ok,UNDERVOLTAGE,1.9984755098361027,structure_unresolved,,13,1,49,0,81,2,12,True,True,templates,0,133,structure_unresolved
N00785,B,19d3a9f361098bf0,15fe9da7c4ddc5ca,ok,UNDERVOLTAGE,0.29553839369583146,S1,S1,13,4,49,4,81,16,0,True,True,templates,0,133,
N00786,C,2d6bc553b21e843f,d91c0154b6db7d26,ok,OVERVOLTAGE,0.27917324161750723,S3,S3,13,0,49,0,81,2,0,True,True,templates,0,133,
N00787,D,ef6f4871e103f806,b46a3992e1cd46dd,ok,,3.80603782122697,initial_rejected,,0,0,0,0,0,0,0,False,False,not_started,0,1,initial_mixed_or_already_compliant
N00788,A,20946dd75c36e0e2,2df2abdcc5329aeb,ok,OVERVOLTAGE,0.0353974225588658,S2,S2,13,0,49,6,81,11,0,True,True,templates,0,133,
N00789,B,073817ae805a459c,589bb9e178c990d2,ok,UNDERVOLTAGE,0.5186894507614035,S1,S1,13,2,49,0,81,8,0,True,True,templates,0,133,
N00790,C,4bc103ba7c6fd9fc,fab2c3426a5e3e40,ok,UNDERVOLTAGE,0.2647023714543,S1,S1,13,3,49,5,81,11,0,True,True,templates,0,133,
N00791,D,c13049c7da74c0eb,e27f083966348102,ok,UNDERVOLTAGE,0.8977543096497007,S1,S1,13,2,49,0,81,4,0,True,True,templates,0,133,
N00792,A,1e9ef9a074eaa309,558a7dc61c3f0791,ok,UNDERVOLTAGE,0.8013836518530705,S1,S1,13,3,49,0,81,6,0,True,True,templates,0,133,
N00793,B,2c9369374b4c994b,cda0954c502a3755,ok,OVERVOLTAGE,0.4039249465936321,S3,S3,13,0,49,0,81,4,0,True,True,templates,0,133,
N00794,C,0881ee2d1a722026,2aeb9ba66815f015,ok,UNDERVOLTAGE,0.7709357925934641,S1,S1,13,2,49,0,81,5,0,True,True,templates,0,133,
N00795,D,f89a5270f8b17dc7,9bcc86a888b5a3ef,ok,UNDERVOLTAGE,0.5693318733987663,S1,S1,13,2,49,0,81,4,0,True,True,templates,0,133,
N00796,A,4a672364557ae940,2182a595b99b3e7f,ok,OVERVOLTAGE,1.2660887868105608,S1,S1,13,1,49,0,81,2,0,True,True,templates,0,133,
N00797,B,9168463703c2201f,2dbd485056ac7c6f,ok,UNDERVOLTAGE,0.059094702113209,S1,S1,13,3,49,10,81,13,0,True,True,templates,0,133,
N00798,C,746b6bf1e3f3c7ee,bc049a135a036c62,ok,UNDERVOLTAGE,0.09904786260674692,S1,S1,13,2,49,4,81,8,0,True,True,templates,0,133,
N00799,D,3e5cdc14aea76f23,9bcc86a888b5a3ef,ok,UNDERVOLTAGE,0.7318717629826834,structure_unresolved,,13,1,49,0,81,3,3,True,True,templates,0,133,structure_unresolved
N00800,A,f31256f070b51eee,84b40df554140122,ok,UNDERVOLTAGE,1.9328335564193044,structure_unresolved,,13,1,49,0,81,1,6,True,True,templates,0,133,structure_unresolved
N00801,B,f49d19e7796425c1,5f62e82b18e6b589,ok,,0.0,initial_rejected,,0,0,0,0,0,0,0,False,False,not_started,0,1,initial_mixed_or_already_compliant
N00802,C,ecc8cc2b49364034,d91c0154b6db7d26,ok,OVERVOLTAGE,0.1521308637587857,S1,S1,13,2,49,1,81,8,0,True,True,templates,0,133,
N00803,D,ef6f4871e103f806,b46a3992e1cd46dd,ok,,2.2471865327187706,initial_rejected,,0,0,0,0,0,0,0,False,False,not_started,0,1,initial_mixed_or_already_compliant
N00804,A,e954cc7f36609eb6,e079c51e204d304b,ok,OVERVOLTAGE,0.4319422701691735,S1,S1,13,2,49,0,81,9,0,True,True,templates,0,133,
N00805,B,7eb380ca9ae21796,501b53db4afe7e54,ok,UNDERVOLTAGE,0.2248260881514298,S1,S1,13,3,49,2,81,9,0,True,True,templates,0,133,
N00806,C,d32ec03a858f9cf7,a5629ffdf2671f0a,ok,,0.9261133197293111,initial_rejected,,0,0,0,0,0,0,0,False,False,not_started,0,1,initial_mixed_or_already_compliant
N00807,D,2fcaf104b993c08a,cb6e693edb5770e8,ok,OVERVOLTAGE,1.3876820978716642,search_unresolved,,13,0,49,0,81,0,0,False,False,multistart_coordinate_pair_random,384,516,search_unresolved
N00808,A,63c0581bc255d668,4fa5642424950cdc,ok,UNDERVOLTAGE,1.5547730710400074,structure_unresolved,,13,2,49,0,81,3,3,True,True,templates,0,133,structure_unresolved
N00809,B,330d32d4b2509977,1ea09bd401e45e95,ok,UNDERVOLTAGE,1.0323836286651398,S1,S1,13,2,49,0,81,2,0,True,True,templates,0,133,
N00810,C,341215bd33b98fcd,3a1ace6576c759c9,ok,,0.010298443064161278,initial_rejected,,0,0,0,0,0,0,0,False,False,not_started,0,1,initial_mixed_or_already_compliant
N00811,D,d311202a9439497e,9bcc86a888b5a3ef,ok,,0.46453073517184096,initial_rejected,,0,0,0,0,0,0,0,False,False,not_started,0,1,initial_mixed_or_already_compliant
N00812,A,0cb8227f0e5a1842,26361fc9df94e6a2,ok,OVERVOLTAGE,0.6369801724507353,S1,S1,13,1,49,0,81,6,0,True,True,templates,0,133,
N00813,B,cd5b0169f70d3e90,6bef8bb9a92a84c5,ok,UNDERVOLTAGE,1.2629864786675071,S1,S1,13,2,49,0,81,5,0,True,True,templates,0,133,
N00814,C,8de4f2f5f22b6045,b270b8d518a1c545,ok,UNDERVOLTAGE,0.7291748208710441,S3,S3,13,0,49,0,81,4,0,True,True,templates,0,133,
N00815,D,65b82ccd114db382,b46a3992e1cd46dd,ok,UNDERVOLTAGE,3.3672190983390706,structure_unresolved,,13,0,49,0,81,0,24,False,False,templates,0,132,structure_unresolved
N00816,A,f959901d96c7a4b4,0a38fdad307a7389,ok,UNDERVOLTAGE,1.1543197494120263,structure_unresolved,,13,3,49,0,81,4,1,True,True,templates,0,133,structure_unresolved
N00817,B,08218fd43d8b6d8a,563bac5aa4d5500a,ok,,0.0,initial_rejected,,0,0,0,0,0,0,0,False,False,not_started,0,1,initial_mixed_or_already_compliant
N00818,C,52eff3b7ab04c16c,a907af0d5f2b73cf,ok,UNDERVOLTAGE,1.7460525450639084,structure_unresolved,,13,1,49,0,81,2,3,True,True,templates,0,133,structure_unresolved
N00819,D,c13049c7da74c0eb,e27f083966348102,ok,UNDERVOLTAGE,0.7683326189602684,S1,S1,13,3,49,0,81,6,0,True,True,templates,0,133,
N00820,A,2e57980f3c836ed6,e079c51e204d304b,ok,OVERVOLTAGE,0.7205479776133203,S1,S1,13,2,49,0,81,7,0,True,True,templates,0,133,
N00821,B,453918055d691ab2,9d01b943be18f5d6,ok,UNDERVOLTAGE,1.2896918761783902,structure_unresolved,,13,3,49,0,81,4,3,True,True,templates,0,133,structure_unresolved
N00822,C,122b2e83ced16722,650080a366a900a0,ok,UNDERVOLTAGE,2.405021228522213,structure_unresolved,,13,0,49,0,81,0,9,False,False,templates,0,132,structure_unresolved
N00823,D,bd8a966de27eedb1,b46a3992e1cd46dd,ok,UNDERVOLTAGE,1.6721623067821922,structure_unresolved,,13,1,49,0,81,2,3,True,True,templates,0,133,structure_unresolved
N00824,A,f31256f070b51eee,84b40df554140122,ok,UNDERVOLTAGE,0.7521090626554443,S1,S1,13,3,49,0,81,7,0,True,True,templates,0,133,
N00825,B,610050fe01775da8,d33e99338133fcba,ok,UNDERVOLTAGE,0.5033911863860929,S1,S1,13,1,49,1,81,6,0,True,True,templates,0,133,
N00826,C,1fd3cac6b7510fac,a3a7865a11bf0ed0,ok,UNDERVOLTAGE,0.3268994671811305,S3,S3,13,0,49,0,81,5,0,True,True,templates,0,133,
N00827,D,03d4414b650e7fd1,cb6e693edb5770e8,ok,UNDERVOLTAGE,0.43061291772467847,S3,S3,13,0,49,0,81,2,0,True,True,templates,0,133,
N00828,A,b32041f19146dc88,b441d851aea6a487,ok,OVERVOLTAGE,0.8259744481402924,search_unresolved,,13,0,49,0,81,0,0,False,False,multistart_coordinate_pair_random,384,516,search_unresolved
N00829,B,37eea2cb0f63c906,01ea3e50b6ce34d5,ok,UNDERVOLTAGE,3.2943272005410966,structure_unresolved,,13,0,49,0,81,0,26,False,False,templates,0,132,structure_unresolved
N00830,C,07d3434a5017f5e8,e632ebc2824e0e2c,ok,UNDERVOLTAGE,0.03951724741100349,S1,S1,13,3,49,12,81,13,0,True,True,templates,0,133,
N00831,D,e0a9245c1b44864d,aea7eb0f24dd18ec,ok,UNDERVOLTAGE,3.543776634112726,structure_unresolved,,13,0,49,0,81,0,27,False,False,templates,0,132,structure_unresolved
N00832,A,3e3ef108adc17ce4,ddc8027da684ded2,ok,UNDERVOLTAGE,1.1147516650579292,S1,S1,13,2,49,0,81,4,0,True,True,templates,0,133,
N00833,B,0002ee81730452a1,85d684321cd2d270,ok,OVERVOLTAGE,0.13431144354000368,S1,S1,13,2,49,6,81,13,0,True,True,templates,0,133,
N00834,C,a6faca942988952a,0ab76c1dbe7cb33f,ok,,0.0,initial_rejected,,0,0,0,0,0,0,0,False,False,not_started,0,1,initial_mixed_or_already_compliant
N00835,D,9384cec6366bfc45,cb6e693edb5770e8,ok,,0.5730285503148715,initial_rejected,,0,0,0,0,0,0,0,False,False,not_started,0,1,initial_mixed_or_already_compliant
N00836,A,41b153d4a6e1e54e,8a25067595d3cc9e,ok,OVERVOLTAGE,0.21645723223919977,S1,S1,13,2,49,3,81,11,0,True,True,templates,0,133,
N00837,B,0f366bca85e64a36,edb53a02d8afc748,ok,,0.0,initial_rejected,,0,0,0,0,0,0,0,False,False,not_started,0,1,initial_mixed_or_already_compliant
N00838,C,d0c3f14b2e7f694a,b1b7d957b9d66ae8,ok,UNDERVOLTAGE,0.6935288302176051,S1,S1,13,1,49,0,81,4,0,True,True,templates,0,133,
N00839,D,4abba0439d3a99e9,9bcc86a888b5a3ef,ok,,0.7766745292844597,initial_rejected,,0,0,0,0,0,0,0,False,False,not_started,0,1,initial_mixed_or_already_compliant
N00840,A,4e49f8b749136440,8eea6a5bbff66183,ok,UNDERVOLTAGE,1.0898126992157766,S1,S1,13,1,49,0,81,5,0,True,True,templates,0,133,
N00841,B,9c50ffad88997a94,13ca98814b0278c7,ok,OVERVOLTAGE,1.158138723163823,search_unresolved,,13,0,49,0,81,0,0,False,False,multistart_coordinate_pair_random,384,516,search_unresolved
N00842,C,5595c86e3bbacd39,2affb47f58389e4d,ok,,0.7783062174423228,initial_rejected,,0,0,0,0,0,0,0,False,False,not_started,0,1,initial_mixed_or_already_compliant
N00843,D,da7b36fbf1f78b03,aea7eb0f24dd18ec,ok,UNDERVOLTAGE,0.6269410742746614,S1,S1,13,1,49,0,81,5,0,True,True,templates,0,133,
N00844,A,fd82a2311b68bd36,ee178edbac927e52,ok,OVERVOLTAGE,0.04589090923902073,S1,S1,13,2,49,11,81,12,0,True,True,templates,0,133,
N00845,B,0f8249ab25baab45,4fc7466970199b23,ok,,0.0,initial_rejected,,0,0,0,0,0,0,0,False,False,not_started,0,1,initial_mixed_or_already_compliant
N00846,C,b2a2fe61e691a11f,0c7e9ab44ae1bee9,ok,,0.13448654481662492,initial_rejected,,0,0,0,0,0,0,0,False,False,not_started,0,1,initial_mixed_or_already_compliant
N00847,D,c13049c7da74c0eb,e27f083966348102,ok,UNDERVOLTAGE,0.8158681185421408,S1,S1,13,3,49,0,81,5,0,True,True,templates,0,133,
N00848,A,4027bafaf24e4600,18c846a7a48499fe,ok,UNDERVOLTAGE,0.9716490998049845,S1,S1,13,2,49,0,81,4,0,True,True,templates,0,133,
N00849,B,4f64d091e5d1f9f5,e8ddbb358074af50,ok,,0.0,initial_rejected,,0,0,0,0,0,0,0,False,False,not_started,0,1,initial_mixed_or_already_compliant
N00850,C,e11d5fc81799ecdd,b67f69c923d4310e,ok,UNDERVOLTAGE,0.5626138450380198,S1,S1,13,4,49,0,81,11,0,True,True,templates,0,133,
N00851,D,37529812d5be08c9,aea7eb0f24dd18ec,ok,UNDERVOLTAGE,0.12463454836209942,S1,S1,13,4,49,8,81,16,0,True,True,templates,0,133,
N00852,A,be10ba22c696a5eb,e079c51e204d304b,ok,OVERVOLTAGE,1.12060519934488,S1,S1,13,2,49,0,81,3,0,True,True,templates,0,133,
N00853,B,77c4ba477f63b530,60fc043ea21b5cd7,ok,UNDERVOLTAGE,0.003522713383756426,S1,S1,13,1,49,18,81,17,0,True,True,templates,0,133,
N00854,C,b6d846365132c5de,9f109ca555df201d,ok,,0.0,initial_rejected,,0,0,0,0,0,0,0,False,False,not_started,0,1,initial_mixed_or_already_compliant
N00855,D,c13049c7da74c0eb,e27f083966348102,ok,UNDERVOLTAGE,0.49915603230498007,S1,S1,13,2,49,0,81,6,0,True,True,templates,0,133,
N00856,A,4303db3f0cda0e5f,f4627e012b4c5436,ok,UNDERVOLTAGE,1.5208019318633523,structure_unresolved,,13,3,49,0,81,4,4,True,True,templates,0,133,structure_unresolved
N00857,B,0fc8d739ab9b5882,ee630e62e72d530a,ok,UNDERVOLTAGE,0.003424344055825812,S1,S1,13,3,49,21,81,13,0,True,True,templates,0,133,
N00858,C,a2a49f6748f2c00d,41aa66c3df0bae4f,ok,,0.0,initial_rejected,,0,0,0,0,0,0,0,False,False,not_started,0,1,initial_mixed_or_already_compliant
N00859,D,c13049c7da74c0eb,e27f083966348102,ok,UNDERVOLTAGE,3.20939109463382,structure_unresolved,,13,0,49,0,81,0,24,False,False,templates,0,132,structure_unresolved
N00860,A,372e8a3286d98250,26361fc9df94e6a2,ok,OVERVOLTAGE,1.1071298330603099,search_unresolved,,13,0,49,0,81,0,0,False,False,multistart_coordinate_pair_random,384,516,search_unresolved
N00861,B,799c496348a6f919,4be97593fece6c05,ok,OVERVOLTAGE,0.06097970130302355,S2,S2,13,0,49,1,81,9,0,True,True,templates,0,133,
N00862,C,dc365c193d64d1f7,8ffc52414076c4a6,ok,UNDERVOLTAGE,1.5706063442107479,structure_unresolved,,13,0,49,0,81,0,1,False,False,templates,0,132,structure_unresolved
N00863,D,9a1f0e3e58b0ccf4,b46a3992e1cd46dd,ok,UNDERVOLTAGE,0.9555863626124083,S1,S1,13,2,49,0,81,5,0,True,True,templates,0,133,
N00864,A,fbfd312fe4182a02,a8ed74e5eaf6145e,ok,UNDERVOLTAGE,0.8784749145875692,S1,S1,13,2,49,0,81,4,0,True,True,templates,0,133,
N00865,B,5b96acd2a8502850,8015800931f3c530,ok,UNDERVOLTAGE,1.8949439705278728,structure_unresolved,,13,0,49,0,81,0,3,False,False,templates,0,132,structure_unresolved
N00866,C,aa192792b459503b,40220ff2dd3f67cf,ok,UNDERVOLTAGE,0.00814309689455972,S1,S1,13,3,49,20,81,10,0,True,True,templates,0,133,
N00867,D,d725184815b60b8a,9bcc86a888b5a3ef,ok,UNDERVOLTAGE,0.8054211790392388,structure_unresolved,,13,0,49,0,81,4,6,True,True,templates,0,133,structure_unresolved
N00868,A,053fb265b75e9e56,2182a595b99b3e7f,ok,OVERVOLTAGE,0.33834945954550455,S1,S1,13,3,49,1,81,12,0,True,True,templates,0,133,
N00869,B,e84bd55168cbfd47,f1081c4fa8b685ad,ok,UNDERVOLTAGE,2.253616386616115,structure_unresolved,,13,0,49,0,81,0,11,False,False,templates,0,132,structure_unresolved
N00870,C,04a4a7510b325ea2,e2d851a13a65f7f0,ok,UNDERVOLTAGE,3.2177587691641443,structure_unresolved,,13,0,49,0,81,0,28,False,False,templates,0,132,structure_unresolved
N00871,D,4d99ef48ca40af4f,b46a3992e1cd46dd,ok,UNDERVOLTAGE,5.277067863676785,structure_unresolved,,13,0,49,0,81,0,44,False,False,templates,0,132,structure_unresolved
N00872,A,e9411362cc965e5d,edb78f269310c631,ok,UNDERVOLTAGE,0.2938705510192948,S1,S1,13,3,49,0,81,9,0,True,True,templates,0,133,
N00873,B,5e889925b0191b9c,b852c4eb31158a2e,ok,,0.0,initial_rejected,,0,0,0,0,0,0,0,False,False,not_started,0,1,initial_mixed_or_already_compliant
N00874,C,bc8e9b2da4d51353,ab73bbb00901f8f7,ok,UNDERVOLTAGE,3.921859231857008,structure_unresolved,,13,0,49,0,81,0,31,False,False,templates,0,132,structure_unresolved
N00875,D,c13049c7da74c0eb,e27f083966348102,ok,UNDERVOLTAGE,2.475260322520584,structure_unresolved,,13,0,49,0,81,0,19,False,False,templates,0,132,structure_unresolved
N00876,A,0f17e0570c3155a8,3a8b4fc73190d617,ok,OVERVOLTAGE,0.23840917969013153,S3,S3,13,0,49,0,81,1,0,True,True,templates,0,133,
N00877,B,453918055d691ab2,9d01b943be18f5d6,ok,UNDERVOLTAGE,0.12853260894502316,S1,S1,13,4,49,8,81,16,0,True,True,templates,0,133,
N00878,C,c1ad74f9df1c5bbe,71b02c638aecef93,ok,,0.0,initial_rejected,,0,0,0,0,0,0,0,False,False,not_started,0,1,initial_mixed_or_already_compliant
N00879,D,51ff44ba307f3d39,9bcc86a888b5a3ef,ok,,0.4094309735754542,initial_rejected,,0,0,0,0,0,0,0,False,False,not_started,0,1,initial_mixed_or_already_compliant
N00880,A,9e18b3ad9ba942aa,c5cfabb81389ed21,ok,UNDERVOLTAGE,1.8694217118053156,structure_unresolved,,13,2,49,0,81,3,13,True,True,templates,0,133,structure_unresolved
N00881,B,1292ecef71ad6cce,51d0faddc8aabe40,ok,UNDERVOLTAGE,0.7762461045258973,S1,S1,13,1,49,0,81,6,0,True,True,templates,0,133,
N00882,C,c7164eccb49d01ed,d716b2ae807d74a4,ok,OVERVOLTAGE,0.2510769751479722,S3,S3,13,0,49,0,81,2,0,True,True,templates,0,133,
N00883,D,c13049c7da74c0eb,e27f083966348102,ok,UNDERVOLTAGE,0.6576104435328723,S1,S1,13,3,49,0,81,6,0,True,True,templates,0,133,
N00884,A,891fbf94d7e54d87,e4721bd627d63009,ok,OVERVOLTAGE,0.7480656931805183,search_unresolved,,13,0,49,0,81,0,0,False,False,multistart_coordinate_pair_random,384,516,search_unresolved
N00885,B,cea8fe0aed763cb7,db01dea3e1b5d570,ok,UNDERVOLTAGE,1.9463827951372066,structure_unresolved,,13,1,49,0,81,1,8,True,True,templates,0,133,structure_unresolved
N00886,C,7ea2cfe68e24a59e,fab2c3426a5e3e40,ok,OVERVOLTAGE,0.04763012982105663,S1,S1,13,1,49,8,81,12,0,True,True,templates,0,133,
N00887,D,9acfe73c8bc54711,b46a3992e1cd46dd,ok,,3.281936138261786,initial_rejected,,0,0,0,0,0,0,0,False,False,not_started,0,1,initial_mixed_or_already_compliant
N00888,A,5d33b66b00850326,988bc07c3f675134,ok,UNDERVOLTAGE,2.946628491591249,structure_unresolved,,13,0,49,0,81,0,13,False,False,templates,0,132,structure_unresolved
N00889,B,211866282e0b9b85,26ddc1183b4b22dc,ok,UNDERVOLTAGE,0.648564476748748,S1,S1,13,3,49,1,81,8,0,True,True,templates,0,133,
N00890,C,2f9d9346b84ed34e,7d713ac4dc61c055,ok,,2.588807237647111,initial_rejected,,0,0,0,0,0,0,0,False,False,not_started,0,1,initial_mixed_or_already_compliant
N00891,D,159396bbaa8ee43d,9bcc86a888b5a3ef,ok,UNDERVOLTAGE,1.0975249890973524,structure_unresolved,,13,0,49,0,81,3,13,True,True,templates,0,133,structure_unresolved
N00892,A,3628e8573656ffd5,933adb4bd33cff44,ok,OVERVOLTAGE,0.723376213643163,S3,S3,13,0,49,0,81,1,0,True,True,templates,0,133,
N00893,B,fde411cf8898a25e,43742686e297eb11,ok,UNDERVOLTAGE,0.13629248312240616,S1,S1,13,4,49,10,81,15,0,True,True,templates,0,133,
N00894,C,ce737427005726ac,dd7dde171941c895,ok,UNDERVOLTAGE,3.7814601290013963,structure_unresolved,,13,0,49,0,81,0,31,False,False,templates,0,132,structure_unresolved
N00895,D,d861f0d99310fed3,cb6e693edb5770e8,ok,OVERVOLTAGE,0.8853361693733346,search_unresolved,,13,0,49,0,81,0,0,False,False,multistart_coordinate_pair_random,384,516,search_unresolved
N00896,A,b23821896b49b253,5311590594e558b6,ok,UNDERVOLTAGE,1.7033955104687233,structure_unresolved,,13,1,49,0,81,1,3,True,True,templates,0,133,structure_unresolved
N00897,B,5bc0f82b6638dac7,33ca3381a53d690f,ok,UNDERVOLTAGE,0.04217787465643397,S1,S1,13,4,49,15,81,17,0,True,True,templates,0,133,
N00898,C,91ed08eac2aa70a4,196c970eedd0474d,ok,,0.0,initial_rejected,,0,0,0,0,0,0,0,False,False,not_started,0,1,initial_mixed_or_already_compliant
N00899,D,aac1166c7ad28ee6,9bcc86a888b5a3ef,ok,OVERVOLTAGE,0.04008039838479349,S1,S1,13,1,49,9,81,12,0,True,True,templates,0,133,
N00900,A,1a3b4f25e6879921,e079c51e204d304b,ok,OVERVOLTAGE,0.3060093550262948,S1,S1,13,1,49,2,81,12,0,True,True,templates,0,133,
N00901,B,4da60eb05dea93e9,ea3367896aab514c,ok,,0.0,initial_rejected,,0,0,0,0,0,0,0,False,False,not_started,0,1,initial_mixed_or_already_compliant
N00902,C,0c906e85969a10bc,c3e46a945201bba2,ok,,0.0,initial_rejected,,0,0,0,0,0,0,0,False,False,not_started,0,1,initial_mixed_or_already_compliant
N00903,D,9a1f0e3e58b0ccf4,b46a3992e1cd46dd,ok,UNDERVOLTAGE,1.2619239477331352,structure_unresolved,,13,1,49,0,81,3,1,True,True,templates,0,133,structure_unresolved
N00904,A,68200187eea14de0,ae40e0f7cbbd868b,ok,UNDERVOLTAGE,2.2862697289626355,structure_unresolved,,13,0,49,0,81,0,12,False,False,templates,0,132,structure_unresolved
N00905,B,0b5bc3669608e8db,08554f8420d69964,ok,UNDERVOLTAGE,0.008054835700007867,S1,S1,13,3,49,21,81,16,0,True,True,templates,0,133,
N00906,C,4895d6ae4b7c7784,fd8636c85bf9f4da,ok,,0.0,initial_rejected,,0,0,0,0,0,0,0,False,False,not_started,0,1,initial_mixed_or_already_compliant
N00907,D,c13049c7da74c0eb,e27f083966348102,ok,,0.0,initial_rejected,,0,0,0,0,0,0,0,False,False,not_started,0,1,initial_mixed_or_already_compliant
N00908,A,b2afa2e1be233e28,f0de6d7df0a2ae6f,ok,OVERVOLTAGE,0.7653193508298748,S1,S1,13,1,49,0,81,4,0,True,True,templates,0,133,
N00909,B,daa793dbe5da831e,e66bf679c3f3aeab,ok,UNDERVOLTAGE,0.2524168595337859,S2,S2,13,0,49,2,81,6,0,True,True,templates,0,133,
N00910,C,5ed98e127293e4e0,83dd1e2a19d1642f,ok,UNDERVOLTAGE,2.123133781823049,structure_unresolved,,13,1,49,0,81,2,13,True,True,templates,0,133,structure_unresolved
N00911,D,110b8e54ec1d0b93,9bcc86a888b5a3ef,ok,OVERVOLTAGE,0.5612750951408334,search_unresolved,,13,0,49,0,81,0,0,False,False,multistart_coordinate_pair_random,384,516,search_unresolved
N00912,A,fd04310d80e10aac,2fe39af95409f785,ok,UNDERVOLTAGE,2.043922955555621,structure_unresolved,,13,1,49,0,81,1,10,True,True,templates,0,133,structure_unresolved
N00913,B,52a3904824df7564,8d87f458622c3163,ok,,0.0,initial_rejected,,0,0,0,0,0,0,0,False,False,not_started,0,1,initial_mixed_or_already_compliant
N00914,C,dc75d9f8c60f969b,a1b78c8b9f388f51,ok,OVERVOLTAGE,0.5519538508793485,search_unresolved,,13,0,49,0,81,0,0,False,False,multistart_coordinate_pair_random,384,516,search_unresolved
N00915,D,41821415da936070,b46a3992e1cd46dd,ok,,4.36634349050893,initial_rejected,,0,0,0,0,0,0,0,False,False,not_started,0,1,initial_mixed_or_already_compliant
N00916,A,5218d980f3b9f0af,26361fc9df94e6a2,ok,OVERVOLTAGE,0.7312881183950732,S4,S4,13,0,49,0,81,0,0,True,True,multistart_coordinate_pair_random,1,134,
N00917,B,2c065468f780f023,44894db1313aa34f,ok,OVERVOLTAGE,0.8244845945449795,search_unresolved,,13,0,49,0,81,0,0,False,False,multistart_coordinate_pair_random,384,516,search_unresolved
N00918,C,ea386a89892fd38d,a2a47ff0dcf51329,ok,UNDERVOLTAGE,0.0245586684427177,S1,S1,13,1,49,11,81,15,0,True,True,templates,0,133,
N00919,D,5fcd87bc504ea8df,cb6e693edb5770e8,ok,OVERVOLTAGE,0.24981300794909966,S1,S1,13,2,49,4,81,9,0,True,True,templates,0,133,
N00920,A,59b84d29fc53fc49,1e8cd27e2193b4a7,ok,UNDERVOLTAGE,1.4753245890764037,S1,S1,13,1,49,0,81,2,0,True,True,templates,0,133,
N00921,B,73b201abb292294b,690c2440f63d6908,ok,UNDERVOLTAGE,0.012779381345591201,S1,S1,13,2,49,14,81,11,0,True,True,templates,0,133,
N00922,C,2a34027aefca1568,f037e08ee8c80fdb,ok,UNDERVOLTAGE,0.014340826691274122,S1,S1,13,2,49,16,81,16,0,True,True,templates,0,133,
N00923,D,da7b36fbf1f78b03,aea7eb0f24dd18ec,ok,UNDERVOLTAGE,1.3484822032734756,structure_unresolved,,13,0,49,0,81,2,3,True,True,templates,0,133,structure_unresolved
N00924,A,183d964b075dd0d6,c1ddac7f5e788580,ok,,0.0,initial_rejected,,0,0,0,0,0,0,0,False,False,not_started,0,1,initial_mixed_or_already_compliant
N00925,B,70bbf60c129f6830,817b5b34c98ab007,ok,UNDERVOLTAGE,4.864082309406688,structure_unresolved,,13,0,49,0,81,0,45,False,False,templates,0,132,structure_unresolved
N00926,C,33cae4d7a67a2bc5,8d5b99c9b2a384ca,ok,UNDERVOLTAGE,0.03272319675104718,S1,S1,13,3,49,12,81,12,0,True,True,templates,0,133,
N00927,D,08567ff804e099b1,cb6e693edb5770e8,ok,UNDERVOLTAGE,0.4296650664351451,S1,S1,13,1,49,0,81,2,0,True,True,templates,0,133,
N00928,A,095fefaf450fa5a3,5e8ce729ac55dab6,ok,UNDERVOLTAGE,0.7315128657834171,S1,S1,13,3,49,0,81,5,0,True,True,templates,0,133,
N00929,B,47b301677bc9a2be,45f80349c06cc984,ok,UNDERVOLTAGE,0.021923572647439937,S1,S1,13,3,49,17,81,15,0,True,True,templates,0,133,
N00930,C,dcd5d6785b19e8e0,2d46a5ccb2ca1e60,ok,,0.08591590135346827,initial_rejected,,0,0,0,0,0,0,0,False,False,not_started,0,1,initial_mixed_or_already_compliant
N00931,D,2dfc6f815fa65e28,cb6e693edb5770e8,ok,,0.8926654209860686,initial_rejected,,0,0,0,0,0,0,0,False,False,not_started,0,1,initial_mixed_or_already_compliant
N00932,A,53c14e0de9a00816,a45f499a0ff3c9a5,ok,OVERVOLTAGE,0.9873790306802461,search_unresolved,,13,0,49,0,81,0,0,False,False,multistart_coordinate_pair_random,384,516,search_unresolved
N00933,B,5fa22438dd20528c,cb41be70e651b471,ok,UNDERVOLTAGE,0.06133061347186031,S1,S1,13,3,49,14,81,15,0,True,True,templates,0,133,
N00934,C,e787f30ed1a570c9,ca6da2b1ccc94584,ok,UNDERVOLTAGE,1.8671881189143296,structure_unresolved,,13,1,49,0,81,1,23,True,True,templates,0,133,structure_unresolved
N00935,D,b35e31baf8eb03fe,aea7eb0f24dd18ec,ok,UNDERVOLTAGE,0.4468867738695137,S1,S1,13,2,49,0,81,6,0,True,True,templates,0,133,
N00936,A,6997e04a88487799,022712828087490a,ok,UNDERVOLTAGE,2.596215612711482,structure_unresolved,,13,0,49,0,81,0,11,False,False,templates,0,132,structure_unresolved
N00937,B,a282c7defe4e8739,0afa5b5a02db850a,ok,UNDERVOLTAGE,0.22755932308558235,S1,S1,13,4,49,6,81,12,0,True,True,templates,0,133,
N00938,C,6e35e5e729fe79bb,ee503b7d776cf289,ok,OVERVOLTAGE,0.8564596911254145,search_unresolved,,13,0,49,0,81,0,0,False,False,multistart_coordinate_pair_random+full_grid_scan,384,28562,search_unresolved
N00939,D,ef6f4871e103f806,b46a3992e1cd46dd,ok,,0.6749247329346556,initial_rejected,,0,0,0,0,0,0,0,False,False,not_started,0,1,initial_mixed_or_already_compliant
N00940,A,b6fd1d476bf46139,a45f499a0ff3c9a5,ok,OVERVOLTAGE,0.4139192595619996,S1,S1,13,1,49,1,81,8,0,True,True,templates,0,133,
N00941,B,0d8322817096b730,5ba59fffc6247934,ok,,0.0,initial_rejected,,0,0,0,0,0,0,0,False,False,not_started,0,1,initial_mixed_or_already_compliant
N00942,C,fd203ef1f5e760fc,7cb1fae3491bec2f,ok,,0.6226657401309121,initial_rejected,,0,0,0,0,0,0,0,False,False,not_started,0,1,initial_mixed_or_already_compliant
N00943,D,095bc7ef02bedfb2,cb6e693edb5770e8,ok,OVERVOLTAGE,0.6850392204739557,S3,S3,13,0,49,0,81,3,0,True,True,templates,0,133,
N00944,A,cb1b9b5db37fe705,315205d33c86c300,ok,UNDERVOLTAGE,1.205881635635355,S1,S1,13,3,49,0,81,4,0,True,True,templates,0,133,
N00945,B,702689a630692946,8e985f9262fa250a,ok,OVERVOLTAGE,0.343220666587321,S2,S2,13,0,49,2,81,5,0,True,True,templates,0,133,
N00946,C,50e392292866b65b,3ceaca76afc7c503,ok,UNDERVOLTAGE,1.7081954839063436,structure_unresolved,,13,2,49,0,81,3,13,True,True,templates,0,133,structure_unresolved
N00947,D,87e3e23c37c5d380,81d762d86ccca243,ok,UNDERVOLTAGE,0.36687587964072466,S3,S3,13,0,49,0,81,1,0,True,True,templates,0,133,
N00948,A,d61a4a0b8b53102e,2182a595b99b3e7f,ok,OVERVOLTAGE,0.5686446885518985,S1,S1,13,2,49,0,81,7,0,True,True,templates,0,133,
N00949,B,f5f42f2fec174b7b,8e0177b46121a1a4,ok,UNDERVOLTAGE,0.16348047838563817,S1,S1,13,1,49,3,81,9,0,True,True,templates,0,133,
N00950,C,7ffc1fd20624767f,fd8636c85bf9f4da,ok,OVERVOLTAGE,0.13166130220873717,S1,S1,13,2,49,8,81,9,0,True,True,templates,0,133,
N00951,D,c13049c7da74c0eb,e27f083966348102,ok,UNDERVOLTAGE,4.173969235782769,structure_unresolved,,13,0,49,0,81,0,33,False,False,templates,0,132,structure_unresolved
N00952,A,a3d03c3e4a593569,0932a067a072207d,ok,UNDERVOLTAGE,0.19793659619088677,S1,S1,13,3,49,1,81,11,0,True,True,templates,0,133,
N00953,B,5c74b226e530690a,11d7b6b05694997d,ok,UNDERVOLTAGE,1.195376106825683,structure_unresolved,,13,3,49,0,81,4,2,True,True,templates,0,133,structure_unresolved
N00954,C,8418fad026caff5b,32d9baf37341745c,ok,UNDERVOLTAGE,1.8112989113520475,structure_unresolved,,13,1,49,0,81,2,5,True,True,templates,0,133,structure_unresolved
N00955,D,c68996bfac76d845,cb6e693edb5770e8,ok,UNDERVOLTAGE,0.23771681037898806,S2,S2,13,0,49,1,81,2,0,True,True,templates,0,133,
N00956,A,d4f1e31621752867,a45f499a0ff3c9a5,ok,OVERVOLTAGE,0.3154727509090025,S1,S1,13,1,49,2,81,7,0,True,True,templates,0,133,
N00957,B,59e704e94df9719c,6ec3b4e8f6636ede,ok,UNDERVOLTAGE,0.2554790641360638,S1,S1,13,3,49,5,81,13,0,True,True,templates,0,133,
N00958,C,6d5b77a6215b5a08,509ce8e12853f000,ok,,0.21442225615639599,initial_rejected,,0,0,0,0,0,0,0,False,False,not_started,0,1,initial_mixed_or_already_compliant
N00959,D,bd8a966de27eedb1,b46a3992e1cd46dd,ok,,0.04638818489844909,initial_rejected,,0,0,0,0,0,0,0,False,False,not_started,0,1,initial_mixed_or_already_compliant
N00960,A,d5288c99930fdc86,3df5c3ac04287366,ok,,0.0,initial_rejected,,0,0,0,0,0,0,0,False,False,not_started,0,1,initial_mixed_or_already_compliant
N00961,B,9323a86570623739,396ebeff12c4afec,ok,UNDERVOLTAGE,0.5050854781366623,S1,S1,13,4,49,0,81,10,0,True,True,templates,0,133,
N00962,C,08d3b2722099465a,9471d958f6513568,ok,UNDERVOLTAGE,0.29449357421655753,S1,S1,13,4,49,4,81,15,0,True,True,templates,0,133,
N00963,D,a0e2b7ce1e8c65b0,9bcc86a888b5a3ef,ok,,0.0,initial_rejected,,0,0,0,0,0,0,0,False,False,not_started,0,1,initial_mixed_or_already_compliant
N00964,A,b72840afa598bcb8,a45f499a0ff3c9a5,ok,OVERVOLTAGE,0.7364567229927628,S3,S3,13,0,49,0,81,2,0,True,True,templates,0,133,
N00965,B,84661a0540a4e390,d452de21f1235fbc,ok,UNDERVOLTAGE,0.25131193980945965,S1,S1,13,3,49,1,81,12,0,True,True,templates,0,133,
N00966,C,28a738981c6dfb46,1a1ceb7814f7a531,ok,OVERVOLTAGE,0.023425275359143516,search_unresolved,,13,0,49,0,81,0,0,False,False,multistart_coordinate_pair_random,384,516,search_unresolved
N00967,D,c13049c7da74c0eb,e27f083966348102,ok,UNDERVOLTAGE,2.5234784413751474,structure_unresolved,,13,0,49,0,81,0,13,False,False,templates,0,132,structure_unresolved
N00968,A,748563d305478ac7,ad421104b70d1a5d,ok,UNDERVOLTAGE,1.6403053495784161,structure_unresolved,,13,2,49,0,81,3,3,True,True,templates,0,133,structure_unresolved
N00969,B,fea1fef8427ced37,4e2a98aa11348a85,ok,UNDERVOLTAGE,0.010636488638593677,S1,S1,13,1,49,14,81,16,0,True,True,templates,0,133,
N00970,C,6858dca441573314,707121febc57fed6,ok,OVERVOLTAGE,0.5051027201096958,search_unresolved,,13,0,49,0,81,0,0,False,False,multistart_coordinate_pair_random,384,516,search_unresolved
N00971,D,c63bfb66db5a68b5,b46a3992e1cd46dd,ok,UNDERVOLTAGE,0.044635890812370405,S1,S1,13,3,49,14,81,14,0,True,True,templates,0,133,
N00972,A,8322e5d011bd0284,26361fc9df94e6a2,ok,OVERVOLTAGE,0.44372921768401974,S1,S1,13,1,49,0,81,4,0,True,True,templates,0,133,
N00973,B,04b64ae42ba79f24,38579ce60660d124,ok,OVERVOLTAGE,0.42019416133369747,search_unresolved,,13,0,49,0,81,0,0,False,False,multistart_coordinate_pair_random,384,516,search_unresolved
N00974,C,2dddd22539a4a456,ca7f59823f8f6029,ok,UNDERVOLTAGE,3.0377653810868286,structure_unresolved,,13,0,49,0,81,0,17,False,False,templates,0,132,structure_unresolved
N00975,D,ef6f4871e103f806,b46a3992e1cd46dd,ok,,0.09841395363263084,initial_rejected,,0,0,0,0,0,0,0,False,False,not_started,0,1,initial_mixed_or_already_compliant
N00976,A,f4a79b79832ff703,647c99cd28044ca4,ok,UNDERVOLTAGE,1.1963843011535324,structure_unresolved,,13,3,49,0,81,4,1,True,True,templates,0,133,structure_unresolved
N00977,B,efbfac8f0da82cf8,344bcdb3a5b38812,ok,UNDERVOLTAGE,0.2817250444719803,S2,S2,13,0,49,1,81,5,0,True,True,templates,0,133,
N00978,C,71e910b2b8a124ca,43dad29c0db6bd80,ok,UNDERVOLTAGE,2.0640207304821216,structure_unresolved,,13,1,49,0,81,2,23,True,True,templates,0,133,structure_unresolved
N00979,D,a098bbf252585016,cb6e693edb5770e8,ok,OVERVOLTAGE,0.43591087290981334,S2,S2,13,0,49,1,81,7,0,True,True,templates,0,133,
N00980,A,cba97b6b2cdce54b,26361fc9df94e6a2,ok,OVERVOLTAGE,0.4124872999640743,S1,S1,13,2,49,1,81,8,0,True,True,templates,0,133,
N00981,B,92fa422d88891233,d60560cc137608c9,ok,UNDERVOLTAGE,3.81817607285574,structure_unresolved,,13,0,49,0,81,0,31,False,False,templates,0,132,structure_unresolved
N00982,C,596ca4eb00c593b8,063d7d8c3372d88d,ok,,0.0,initial_rejected,,0,0,0,0,0,0,0,False,False,not_started,0,1,initial_mixed_or_already_compliant
N00983,D,8c6a4c3a36805f05,9bcc86a888b5a3ef,ok,UNDERVOLTAGE,0.6776827214783654,structure_unresolved,,13,0,49,0,81,2,4,True,True,templates,0,133,structure_unresolved
N00984,A,fc7df9353a0338e0,3e69e34aeccbccab,ok,UNDERVOLTAGE,1.0282203391737337,S1,S1,13,4,49,0,81,5,0,True,True,templates,0,133,
N00985,B,f6de91363b201c7c,fbd2202b3fc431dc,ok,UNDERVOLTAGE,0.6708718071057762,structure_unresolved,,13,3,49,1,81,7,3,True,True,templates,0,133,structure_unresolved
N00986,C,87722f02ba89dbce,5b1f7549b2566656,ok,,0.0,initial_rejected,,0,0,0,0,0,0,0,False,False,not_started,0,1,initial_mixed_or_already_compliant
N00987,D,c13049c7da74c0eb,e27f083966348102,ok,UNDERVOLTAGE,0.07189695008808938,S1,S1,13,4,49,12,81,16,0,True,True,templates,0,133,
N00988,A,1e87a027c91ed3c8,26361fc9df94e6a2,ok,OVERVOLTAGE,0.010241519563844337,search_unresolved,,13,0,49,0,81,0,0,False,False,multistart_coordinate_pair_random,384,516,search_unresolved
N00989,B,8926adb6620605e3,301be2045238aa9d,ok,UNDERVOLTAGE,0.030765311615279067,S2,S2,13,0,49,3,81,7,0,True,True,templates,0,133,
N00990,C,dd0651fb93699462,d37db43c5333a697,ok,UNDERVOLTAGE,1.2590932072608856,structure_unresolved,,13,3,49,0,81,6,6,True,True,templates,0,133,structure_unresolved
N00991,D,59d640de583b11d4,9bcc86a888b5a3ef,ok,,0.5671611412545263,initial_rejected,,0,0,0,0,0,0,0,False,False,not_started,0,1,initial_mixed_or_already_compliant
N00992,A,e9f0505ed8f05701,a55edbac429f2d90,ok,UNDERVOLTAGE,1.0177112070403962,S1,S1,13,4,49,0,81,4,0,True,True,templates,0,133,
N00993,B,b97e83fa786dd58a,3bec6f666d734468,ok,UNDERVOLTAGE,1.5820929298047357,structure_unresolved,,13,2,49,0,81,2,3,True,True,templates,0,133,structure_unresolved
N00994,C,55e84748d1f5fcb9,8e29fa4a84958a1d,ok,,0.0,initial_rejected,,0,0,0,0,0,0,0,False,False,not_started,0,1,initial_mixed_or_already_compliant
N00995,D,a993ade73113f53a,9bcc86a888b5a3ef,ok,UNDERVOLTAGE,0.3842863592305983,S1,S1,13,4,49,3,81,10,0,True,True,templates,0,133,
N00996,A,bcd25d12a3cefaad,b441d851aea6a487,ok,,0.0,initial_rejected,,0,0,0,0,0,0,0,False,False,not_started,0,1,initial_mixed_or_already_compliant
N00997,B,78f301b25214fb7b,fbcb74208e975c96,ok,UNDERVOLTAGE,0.8741899868456614,S1,S1,13,1,49,0,81,4,0,True,True,templates,0,133,
N00998,C,68e9414267a01ebc,e264610c65b583fe,ok,,0.0,initial_rejected,,0,0,0,0,0,0,0,False,False,not_started,0,1,initial_mixed_or_already_compliant
N00999,D,c13049c7da74c0eb,e27f083966348102,ok,UNDERVOLTAGE,3.4097980284215774,structure_unresolved,,13,0,49,0,81,0,25,False,False,templates,0,132,structure_unresolved
N01000,A,f8fc108327c419ec,9db0d931f36f64ad,ok,UNDERVOLTAGE,0.5930710261201423,S1,S1,13,4,49,0,81,9,0,True,True,templates,0,133,
N01001,B,89b4f64001567593,1956269caae29464,ok,UNDERVOLTAGE,0.06985865439165573,S1,S1,13,1,49,5,81,6,0,True,True,templates,0,133,
N01002,C,3faba9890a8791ab,d640d6d2de595640,ok,UNDERVOLTAGE,0.5295543940249147,S1,S1,13,3,49,2,81,12,0,True,True,templates,0,133,
N01003,D,37529812d5be08c9,aea7eb0f24dd18ec,ok,UNDERVOLTAGE,0.20007376463859827,S1,S1,13,4,49,3,81,13,0,True,True,templates,0,133,
N01004,A,4e19b540452a52c5,29f79c4bd2f29966,ok,OVERVOLTAGE,0.04900114306489156,S1,S1,13,3,49,9,81,9,0,True,True,templates,0,133,
N01005,B,c11b65c43e3777e6,51acfce6ca87f421,ok,,0.0,initial_rejected,,0,0,0,0,0,0,0,False,False,not_started,0,1,initial_mixed_or_already_compliant
N01006,C,e3ed52a09e6480ed,5281a731cc20219e,ok,UNDERVOLTAGE,1.3610313743993663,structure_unresolved,,13,2,49,0,81,3,1,True,True,templates,0,133,structure_unresolved
N01007,D,c13049c7da74c0eb,e27f083966348102,ok,UNDERVOLTAGE,0.007508738788850278,S1,S1,13,3,49,21,81,14,0,True,True,templates,0,133,
N01008,A,707d86db3283e0fa,a4fb9108911767b8,ok,UNDERVOLTAGE,0.31891261771304535,S1,S1,13,3,49,2,81,13,0,True,True,templates,0,133,
N01009,B,6733ea8a0e5fe416,3a93519a2a82d020,ok,UNDERVOLTAGE,0.8413606635021947,structure_unresolved,,13,4,49,0,81,10,2,True,True,templates,0,133,structure_unresolved
N01010,C,5f5d72154b32a088,07aac17f76e4ac41,ok,,0.0,initial_rejected,,0,0,0,0,0,0,0,False,False,not_started,0,1,initial_mixed_or_already_compliant
N01011,D,758ce9b2086418bc,cb6e693edb5770e8,ok,,1.392458372208016,initial_rejected,,0,0,0,0,0,0,0,False,False,not_started,0,1,initial_mixed_or_already_compliant
N01012,A,a976444e595306bd,29f79c4bd2f29966,ok,OVERVOLTAGE,0.5618991244087237,S1,S1,13,1,49,0,81,5,0,True,True,templates,0,133,
N01013,B,b5c2c75c36b24ab1,85258a497c6251af,ok,UNDERVOLTAGE,0.48317023030539685,S1,S1,13,2,49,0,81,9,0,True,True,templates,0,133,
N01014,C,f330929e284ff1e7,b767f786cee6788c,ok,OVERVOLTAGE,0.29889257673591474,S4,S4,13,0,49,0,81,0,0,True,True,multistart_coordinate_pair_random,132,265,
N01015,D,8128b86a7c0bc941,cb6e693edb5770e8,ok,OVERVOLTAGE,0.40567641547357347,S3,S3,13,0,49,0,81,4,0,True,True,templates,0,133,
N01016,A,6120ce9ca3466b7c,af5c3104be28f2a6,ok,UNDERVOLTAGE,0.3966682384658744,S1,S1,13,3,49,0,81,7,0,True,True,templates,0,133,
N01017,B,56bf66bc6e6b6038,484b335c890c3ace,ok,OVERVOLTAGE,0.19000539090629975,S1,S1,13,1,49,3,81,10,0,True,True,templates,0,133,
N01018,C,2b632e34790e25db,168f7e84d6aa4ae8,ok,UNDERVOLTAGE,1.0486286413692287,structure_unresolved,,13,4,49,0,81,5,2,True,True,templates,0,133,structure_unresolved
N01019,D,65b82ccd114db382,b46a3992e1cd46dd,ok,UNDERVOLTAGE,7.623390961437583,structure_unresolved,,13,0,49,0,81,0,67,False,False,templates,0,132,structure_unresolved
N01020,A,ff77688d8c99fd72,47e58663794ad52d,ok,OVERVOLTAGE,0.1568051611319745,S2,S2,13,0,49,3,81,7,0,True,True,templates,0,133,
N01021,B,777d7dbb3530b3d7,7d3c51fa485943bb,ok,OVERVOLTAGE,0.1321725283461097,S1,S1,13,2,49,3,81,9,0,True,True,templates,0,133,
N01022,C,44de144a7fd1fcc7,4b3c774a6c8da598,ok,UNDERVOLTAGE,0.043984365854291996,S1,S1,13,4,49,14,81,13,0,True,True,templates,0,133,
N01023,D,9acfe73c8bc54711,b46a3992e1cd46dd,ok,,0.033325321516148865,initial_rejected,,0,0,0,0,0,0,0,False,False,not_started,0,1,initial_mixed_or_already_compliant
